Order Type,State,PinCode,Address,Franchise Id,Franchise Code,Active,Franchise Name,Order Id,Invoice Id,Order Amount,Received At,Invoiced At,Invoiced_Month,Status,Company,Brand,Brand Category,Product,Product Variant,Product MRP,Product SKU,HSN Code,Product Unit Type,Product Unit Quantity,Product Case Size,Order Case,Order Quantity,Rlp Value,Order Value,Order GST,Applied Gst Rate,XPand margin (%),XPand margin(value),Finalize margin (%),Landing Purchase Price,Scheme Type (Company Discount),Company Discount  (in %),Applied Without Gst Company Discount,Applied Gst Company Discount,Free Variant From Company,Free Quantity From Company,Scheme Type (Xpand Discount),Xpand Discount (in %),Applied Without Gst Xpand Discount,Applied Gst Xpand Discount,Free Variant From Xpand,Free Quantity From Xpand,Warehouse Consumption,Company Consumption,sale
Normal,West Uttar Pradesh,205135,"83, ETAWAH ROAD, SIRSAGANJ, Firozabad, Uttar Pradesh",286,FNUP1059,inactive,RAJ & RAJ TRADERS,8A01B1703A-A,LMC21-22/UP00634,8835.826416,2022-01-21 06:34:55,2022-01-28 12:58:29,1,Delivered,LINC Pens and Plastics,Pentonic,Ball,Pentonic Ball,Ball,500,FGD000110000010294,,,50,24,1,24,390.249,7487.98848,1347.837936,18,,,,9365.976,,,,,,,,,,,,,,,8836
Normal,West Uttar Pradesh,205135,"83, ETAWAH ROAD, SIRSAGANJ, Firozabad, Uttar Pradesh",286,FNUP1059,inactive,RAJ & RAJ TRADERS,8A01B1703A-B,LMC21-22/UP00797,5250.205084,2022-01-21 06:34:55,2022-01-28 15:05:39,1,Delivered,The Ravalgaon Sugar Farm Limited,Ravalgaon,FMCG,Pan Pasand,HB Sweets_PAN P 250DT 800G JR,200,1050862,,,1,12,1,12,173.913043,1757.881164,210.945744,12,,,,2086.956516,,,,,,,,,,,,,,,1969
Normal,West Uttar Pradesh,205135,"83, ETAWAH ROAD, SIRSAGANJ, Firozabad, Uttar Pradesh",286,FNUP1059,inactive,RAJ & RAJ TRADERS,8A01B1703A-B,LMC21-22/UP00797,5250.205084,2022-01-21 06:34:55,2022-01-28 15:05:39,1,Delivered,The Ravalgaon Sugar Farm Limited,Ravalgaon,FMCG,Pan Pasand,HB Sweets_PAN P 250DT 2KG JR,500,1052182,,,1,8,1,8,434.782609,2929.801944,351.576232,12,,,,3478.260872,,,,,,,,,,,,,,,3281
Normal,West Uttar Pradesh,205135,"83, ETAWAH ROAD, SIRSAGANJ, Firozabad, Uttar Pradesh",286,FNUP1059,inactive,RAJ & RAJ TRADERS,8A01B1703A-C,LMC21-22/UP00798,2174.940904,2022-01-21 06:34:55,2022-01-28 17:37:54,1,Delivered,MAYORA India Pvt Ltd Formerly INBISCO India,KOPIKO,KOPIKO,KOPIKO JAR,KOPIKO CAPPUCINO 4X650X3.5G (CAPPUCINO (310251)),650,310251,,,650,4,1,4,575.000001,1941.91152,233.029384,12,,,,2300.000004,,,,,,,,,,,,,,,2175
Normal,West Uttar Pradesh,205135,"83, ETAWAH ROAD, SIRSAGANJ, Firozabad, Uttar Pradesh",286,FNUP1059,inactive,RAJ & RAJ TRADERS,8A01B1703A-D,LMC21-22/UP00799,14814.81466,2022-01-21 06:34:55,2022-01-28 15:05:59,1,Delivered,Soothe Healthcare Pvt Ltd,SUPER CUTE'S,DIAPERS,Super Cutes Base (S 2),Super Cutes Base (S 1),10,8.908E+12,,,1,240,5,1200,8.77193,8702.3112,1044.2772,12,,,,8576.99832,percentage_discount,20,1740.46224,208.85544,,,,,,,,,,,7797
Normal,West Uttar Pradesh,205135,"83, ETAWAH ROAD, SIRSAGANJ, Firozabad, Uttar Pradesh",286,FNUP1059,inactive,RAJ & RAJ TRADERS,8A01B1703A-D,LMC21-22/UP00799,14814.81466,2022-01-21 06:34:55,2022-01-28 15:05:59,1,Delivered,Soothe Healthcare Pvt Ltd,SUPER CUTE'S,DIAPERS,Super Cutes Base (M 2),Super Cutes Base (M 1),11,8.908E+12,,,1,240,3,720,9.649123,5743.52568,689.22288,12,,,,5660.818848,percentage_discount,20,1148.705136,137.844576,,,,,,,,,,,5146
Normal,West Uttar Pradesh,205135,"83, ETAWAH ROAD, SIRSAGANJ, Firozabad, Uttar Pradesh",286,FNUP1059,inactive,RAJ & RAJ TRADERS,8A01B1703A-D,LMC21-22/UP00799,14814.81466,2022-01-21 06:34:55,2022-01-28 15:05:59,1,Delivered,Soothe Healthcare Pvt Ltd,SUPER CUTE'S,DIAPERS,Super Cutes Base (L 2),Super Cutes Base (L 1),12,8.908E+12,,,1,240,1,240,10.526316,2088.55488,250.62648,12,,,,2058.479568,percentage_discount,20,417.710976,50.125296,,,,,,,,,,,1871
Normal,West Uttar Pradesh,205135,"83, ETAWAH ROAD, SIRSAGANJ, Firozabad, Uttar Pradesh",286,FNUP1059,inactive,RAJ & RAJ TRADERS,8A01B1703A-E,LMC21-22/UP00800,5457.056832,2022-01-21 06:34:55,2022-01-28 17:36:20,1,Delivered,United Biscuits Private Limited,MCVITIE'S,DIGESTIVE,Digs Mini (144x58.5g) (Rs.10),Digs Mini (144x58.5g) (Rs.10),10,1000668,,,59,144,1,144,8.93,1028.078064,185.054112,18,,,,1285.92,,,,,,,,,,,,,,,1213
Normal,West Uttar Pradesh,205135,"83, ETAWAH ROAD, SIRSAGANJ, Firozabad, Uttar Pradesh",286,FNUP1059,inactive,RAJ & RAJ TRADERS,8A01B1703A-E,LMC21-22/UP00800,5457.056832,2022-01-21 06:34:55,2022-01-28 17:36:20,1,Delivered,United Biscuits Private Limited,MCVITIE'S,COOKIES,"Butter (144x60g, New)(Rs. 10)","Butter (144x60g, New)(Rs. 10)",10,1000612,,,60,144,1,144,8.93,1028.078064,185.054112,18,,,,1285.92,,,,,,,,,,,,,,,1213
Normal,West Uttar Pradesh,205135,"83, ETAWAH ROAD, SIRSAGANJ, Firozabad, Uttar Pradesh",286,FNUP1059,inactive,RAJ & RAJ TRADERS,8A01B1703A-E,LMC21-22/UP00800,5457.056832,2022-01-21 06:34:55,2022-01-28 17:36:20,1,Delivered,United Biscuits Private Limited,MCVITIE'S,COOKIES,Cashew (144x60g),Cashew (144x60g),10,1000028,,,60,144,1,144,8.93,1028.078064,185.054112,18,,,,1285.92,,,,,,,,,,,,,,,1213
Normal,West Uttar Pradesh,205135,"83, ETAWAH ROAD, SIRSAGANJ, Firozabad, Uttar Pradesh",286,FNUP1059,inactive,RAJ & RAJ TRADERS,8A01B1703A-E,LMC21-22/UP00800,5457.056832,2022-01-21 06:34:55,2022-01-28 17:36:20,1,Delivered,United Biscuits Private Limited,MCVITIE'S,DIGESTIVE,"Digs Mini (216x29.25g) (CDU, Rs.5)","Digs Mini (216x32.5g) (CDU, Rs.5)",5,1000606,,,33,216,2,432,4.46,1540.390176,277.270128,18,,,,1926.72,,,,,,,,,,,,,,,1818
Normal,West Uttar Pradesh,205135,"83, ETAWAH ROAD, SIRSAGANJ, Firozabad, Uttar Pradesh",286,FNUP1059,inactive,RAJ & RAJ TRADERS,8A01B1703A-F,LMC21-22/UP00801,2716.9812,2022-01-21 06:34:55,2022-01-28 17:35:08,1,Delivered,N Ranga Rao and Sons Pvt Ltd,RHYTHM,Puja Products,CONE_CRAT,CONE (DF00000138),10,DF00000138,,,10,360,1,360,8,2587.60116,129.38004,5,,,,2880,,,,,,,,,,,,,,,2717
Normal,West Uttar Pradesh,205135,"83, ETAWAH ROAD, SIRSAGANJ, Firozabad, Uttar Pradesh",286,FNUP1059,inactive,RAJ & RAJ TRADERS,8A01B1703A-G,LMC21-22/UP00803,4250.425686,2022-01-21 06:34:55,2022-01-28 17:34:04,1,Delivered,Soothe Healthcare Pvt Ltd,PAREE,SANITARY PADS,Paree Dry Base (6),Paree Dry Base (6),20,8.908E+12,,,6,140,1,140,17.54386,2274.2041,0,,,,,2077.030577,percentage_discount,16.67,379.1098235,,,,,,,,,,,,1895
Normal,West Uttar Pradesh,205135,"83, ETAWAH ROAD, SIRSAGANJ, Firozabad, Uttar Pradesh",286,FNUP1059,inactive,RAJ & RAJ TRADERS,8A01B1703A-G,LMC21-22/UP00803,4250.425686,2022-01-21 06:34:55,2022-01-28 17:34:04,1,Delivered,Soothe Healthcare Pvt Ltd,PAREE,SANITARY PADS,Paree Dry XL Base (6),Paree Dry XL Base (6),30,8.908E+12,,,6,116,1,116,26.315789,2826.510752,0,,,,,2581.452182,percentage_discount,16.67,471.1793424,,,,,,,,,,,,2355
Normal,East Uttar Pradesh,221306,"KHAMARIA, KHAMARIA, Sant Ravidas Nagar, Uttar Pradesh",66,FNUP054,inactive,MIHIR ENTER PRISES,F5721C107D-A,LMC21-22/UP00782,8554.996863,2022-01-21 06:48:41,2022-01-28 17:36:28,1,Delivered,Soothe Healthcare Pvt Ltd,PAREE,SANITARY PADS,Paree Dry Base (6),Paree Dry Base (6),20,8.908E+12,,,6,140,1,140,17.54386,2274.2041,0,,,,,2077.030577,percentage_discount,16.67,379.1098235,,,,,,,,,,,,1895
Normal,East Uttar Pradesh,221306,"KHAMARIA, KHAMARIA, Sant Ravidas Nagar, Uttar Pradesh",66,FNUP054,inactive,MIHIR ENTER PRISES,F5721C107D-A,LMC21-22/UP00782,8554.996863,2022-01-21 06:48:41,2022-01-28 17:36:28,1,Delivered,Soothe Healthcare Pvt Ltd,PAREE,SANITARY PADS,Paree Dry XL Base (18),Paree Dry XL Base (18),80,8.908E+12,,,18,36,1,36,70.175439,2339.181288,0,,,,,2136.374283,percentage_discount,16.67,389.9415207,,,,,,,,,,,,1949
Normal,East Uttar Pradesh,221306,"KHAMARIA, KHAMARIA, Sant Ravidas Nagar, Uttar Pradesh",66,FNUP054,inactive,MIHIR ENTER PRISES,F5721C107D-A,LMC21-22/UP00782,8554.996863,2022-01-21 06:48:41,2022-01-28 17:36:28,1,Delivered,Soothe Healthcare Pvt Ltd,PAREE,SANITARY PADS,Paree Dry XL Base (6),Paree Dry XL Base (6),30,8.908E+12,,,6,116,2,232,26.315789,5653.021504,0,,,,,5162.904363,percentage_discount,16.67,942.3586847,,,,,,,,,,,,4711
Normal,East Uttar Pradesh,221306,"KHAMARIA, KHAMARIA, Sant Ravidas Nagar, Uttar Pradesh",66,FNUP054,inactive,MIHIR ENTER PRISES,F5721C107D-B,LMC21-22/UP00875,6393.762048,2022-01-21 06:48:41,2022-01-28 19:26:38,1,Delivered,Soothe Healthcare Pvt Ltd,SUPER CUTE'S,DIAPERS,Super Cutes Base (S 2),Super Cutes Base (S 1),10,8.908E+12,,,1,240,3,720,8.77193,5221.38672,626.56632,12,,,,5146.198992,percentage_discount,20,1044.277344,125.313264,,,,,,,,,,,4678
Normal,East Uttar Pradesh,221306,"KHAMARIA, KHAMARIA, Sant Ravidas Nagar, Uttar Pradesh",66,FNUP054,inactive,MIHIR ENTER PRISES,F5721C107D-B,LMC21-22/UP00875,6393.762048,2022-01-21 06:48:41,2022-01-28 19:26:38,1,Delivered,Soothe Healthcare Pvt Ltd,SUPER CUTE'S,DIAPERS,Super Cutes Base (M 2),Super Cutes Base (M 1),11,8.908E+12,,,1,240,1,240,9.649123,1914.50856,229.74096,12,,,,1886.939616,percentage_discount,20,382.901712,45.948192,,,,,,,,,,,1715
Normal,East Uttar Pradesh,221306,"KHAMARIA, KHAMARIA, Sant Ravidas Nagar, Uttar Pradesh",66,FNUP054,inactive,MIHIR ENTER PRISES,99E958168C-A,LMC21-22/UP00780,2269.503552,2022-01-21 06:57:30,2022-01-28 17:34:44,1,Delivered,MAYORA India Pvt Ltd Formerly INBISCO India,KOPIKO,KOPIKO,KOPIKO JAR,KOPIKO CAPPUCINO 12 JARX 240 X3.5G (CAPPUCINO),240,310240,,,240,12,1,12,200,2026.342452,243.1611,12,,,,2400,,,,,,,,,,,,,,,2270
Normal,East Uttar Pradesh,221306,"KHAMARIA, KHAMARIA, Sant Ravidas Nagar, Uttar Pradesh",66,FNUP054,inactive,MIHIR ENTER PRISES,99E958168C-B,LMC21-22/UP00781,1962.26416,2022-01-21 06:57:31,2022-01-28 17:34:46,1,Delivered,MAYORA India Pvt Ltd Formerly INBISCO India,CHOKI CHOKI,CHOKI CHOKI,CHOKI CHOKI GB,CHOKI CHOKI CASHEW FLAR 16GBX 30X 8G (CHOKI CHOKI),150,324563,,,30,16,1,16,130,1662.935728,299.328432,18,,,,2080,,,,,,,,,,,,,,,1962
Normal,West Uttar Pradesh,244235,"MOH. KAVI NAGAR, PUSHKAR VALIKA, DHANAURA ROAD, GAJRAULA, Amroha, Uttar Pradesh",161,FNUP1012,inactive,Gupta Stationers & General Store,7A0A29A054-A,LMC21-22/UP00691,3933.806144,2022-01-21 07:02:08,2022-01-28 14:15:51,1,Delivered,MAYORA India Pvt Ltd Formerly INBISCO India,MALKIST,MALKIST,MALKIST Singles,MALKIST CHOCOLATE GB 16X30X23GR (CHOCOLATE),150,320698,,,30,16,1,16,130,1666.867008,300.036064,18,,,,2080,,,,,,,,,,,,,,,1967
Normal,West Uttar Pradesh,244235,"MOH. KAVI NAGAR, PUSHKAR VALIKA, DHANAURA ROAD, GAJRAULA, Amroha, Uttar Pradesh",161,FNUP1012,inactive,Gupta Stationers & General Store,7A0A29A054-A,LMC21-22/UP00691,3933.806144,2022-01-21 07:02:08,2022-01-28 14:15:51,1,Delivered,MAYORA India Pvt Ltd Formerly INBISCO India,MALKIST,MALKIST,MALKIST Singles,MALKIST CHEESE GB 16 X 30 X 23GR (CHEESE),150,321006,,,30,16,1,16,130,1666.867008,300.036064,18,,,,2080,,,,,,,,,,,,,,,1967
Normal,West Uttar Pradesh,244235,"MOH. KAVI NAGAR, PUSHKAR VALIKA, DHANAURA ROAD, GAJRAULA, Amroha, Uttar Pradesh",161,FNUP1012,inactive,Gupta Stationers & General Store,7A0A29A054-B,LMC21-22/UP00690,14035.0873,2022-01-21 07:02:08,2022-01-28 17:53:18,1,Delivered,Soothe Healthcare Pvt Ltd,SUPER CUTE'S,DIAPERS,Super Cutes Base (S 2),Super Cutes Base (S 1),10,8.908E+12,,,1,240,9,2160,8.77193,15664.16016,1879.69896,12,,,,15438.59698,percentage_discount,20,3132.832032,375.939792,,,,,,,,,,,14035
Normal,Bihar,854311,"Tarabari, Araria, Bihar",83,FNBR050,active,Gupta General Store_Tarabari,12DD2D794D-A,LMC21-22/BR00518,11801.41843,2022-01-21 07:32:27,2022-01-28 13:33:44,1,Delivered,MAYORA India Pvt Ltd Formerly INBISCO India,MALKIST,MALKIST,MALKIST Singles,MALKIST CHEESE GB 16 X 30 X 23GR (CHEESE),150,321006,,,30,16,6,96,130,10001.20205,1800.216384,18,,,,12480,,,,,,,,,,,,,,,11801
Normal,Bihar,854311,"Tarabari, Araria, Bihar",83,FNBR050,active,Gupta General Store_Tarabari,12DD2D794D-B,LMC21-22/BR00517,3449.645376,2022-01-21 07:32:27,2022-01-28 13:33:50,1,Delivered,MAYORA India Pvt Ltd Formerly INBISCO India,GO CHOCO,GO CHOCO,GO CHOCO JAR,GO CHOCO ROLLZ JAR 12 X 35 PCS X 12GR,175,322947,,,35,12,2,24,152,2923.428288,526.217088,18,,,,3648,,,,,,,,,,,,,,,3450
Normal,Bihar,854311,"Tarabari, Araria, Bihar",83,FNBR050,active,Gupta General Store_Tarabari,12DD2D794D-C,LMC21-22/BR00602,3118.908288,2022-01-21 07:32:27,2022-01-28 14:45:45,1,Delivered,Soothe Healthcare Pvt Ltd,SUPER CUTE'S,DIAPERS,Super Cutes Base (S 2),Super Cutes Base (S 1),10,8.908E+12,,,1,240,2,480,8.77193,3480.92448,417.71088,12,,,,3430.799328,percentage_discount,20,696.184896,83.542176,,,,,,,,,,,3119
Normal,Bihar,843113,"Marwan Chowk,Muzaffapur",242,FEBR1033,inactive,New Shreya Enterprises,75613CABA7-A,LMC21-22/BR00558,24302.60054,2022-01-21 07:35:38,2022-01-28 14:24:21,1,Delivered,MAYORA India Pvt Ltd Formerly INBISCO India,KOPIKO,KOPIKO,KOPIKO JAR,KOPIKO CAPPUCINO 4X650X3.5G (CAPPUCINO (310251)),650,310251,,,650,4,7,28,575.000001,13593.38064,1631.205688,12,,,,16100.00003,,,,,,,,,,,,,,,15225
Normal,Bihar,843113,"Marwan Chowk,Muzaffapur",242,FEBR1033,inactive,New Shreya Enterprises,75613CABA7-A,LMC21-22/BR00558,24302.60054,2022-01-21 07:35:38,2022-01-28 14:24:21,1,Delivered,MAYORA India Pvt Ltd Formerly INBISCO India,KOPIKO,KOPIKO,KOPIKO JAR,KOPIKO CAPPUCINO 12 JARX 240 X3.5G (CAPPUCINO),240,310240,,,240,12,4,48,200,8105.369808,972.6444,12,,,,9600,,,,,,,,,,,,,,,9078
Normal,Bihar,843113,"Marwan Chowk,Muzaffapur",242,FEBR1033,inactive,New Shreya Enterprises,75613CABA7-B,LMC21-22/BR00557,15735.22458,2022-01-21 07:35:38,2022-01-28 14:24:26,1,Delivered,MAYORA India Pvt Ltd Formerly INBISCO India,MALKIST,MALKIST,MALKIST Singles,MALKIST CHEESE GB 16 X 30 X 23GR (CHEESE),150,321006,,,30,16,8,128,130,13334.93606,2400.288512,18,,,,16640,,,,,,,,,,,,,,,15735
Normal,Bihar,843113,"Marwan Chowk,Muzaffapur",242,FEBR1033,inactive,New Shreya Enterprises,75613CABA7-C,LMC21-22/BR00619,7959.395758,2022-01-21 07:35:38,2022-01-28 14:50:40,1,Delivered,Soothe Healthcare Pvt Ltd,PAREE,SANITARY PADS,Paree Dry Base (20),Paree Dry Base (20),75,8.908E+12,,,20,40,2,80,65.789474,4873.2944,0,,,,,4450.779744,percentage_discount,16.67,812.3781765,,,,,,,,,,,,4061
Normal,Bihar,843113,"Marwan Chowk,Muzaffapur",242,FEBR1033,inactive,New Shreya Enterprises,75613CABA7-C,LMC21-22/BR00619,7959.395758,2022-01-21 07:35:38,2022-01-28 14:50:40,1,Delivered,Soothe Healthcare Pvt Ltd,PAREE,SANITARY PADS,Paree Dry XL Base (18),Paree Dry XL Base (18),80,8.908E+12,,,18,36,2,72,70.175439,4678.362576,0,,,,,4272.748567,percentage_discount,16.67,779.8830414,,,,,,,,,,,,3898
Normal,Bihar,843113,"Marwan Chowk,Muzaffapur",242,FEBR1033,inactive,New Shreya Enterprises,75613CABA7-D,LMC21-22/BR00618,8109.161664,2022-01-21 07:35:38,2022-01-28 14:50:43,1,Delivered,Soothe Healthcare Pvt Ltd,SUPER CUTE'S,DIAPERS,Super Cutes Base (M 2),Super Cutes Base (M 1),11,8.908E+12,,,1,240,2,480,9.649123,3829.01712,459.48192,12,,,,3773.879232,percentage_discount,20,765.803424,91.896384,,,,,,,,,,,3431
Normal,Bihar,843113,"Marwan Chowk,Muzaffapur",242,FEBR1033,inactive,New Shreya Enterprises,75613CABA7-D,LMC21-22/BR00618,8109.161664,2022-01-21 07:35:38,2022-01-28 14:50:43,1,Delivered,Soothe Healthcare Pvt Ltd,SUPER CUTE'S,DIAPERS,Super Cutes Base (S 2),Super Cutes Base (S 1),10,8.908E+12,,,1,240,3,720,8.77193,5221.38672,626.56632,12,,,,5146.198992,percentage_discount,20,1044.277344,125.313264,,,,,,,,,,,4678
Normal,Bihar,804404,Chakand Bazar Near masjid chakand gaya,200,FEBR1016,inactive,Akw Enterprises,859B6BB453-B,LMC21-22/BR00478,45238.77066,2022-01-21 07:40:46,2022-01-28 13:23:42,1,Delivered,MAYORA India Pvt Ltd Formerly INBISCO India,MALKIST,MALKIST,MALKIST Singles,MALKIST CHEESE GB 16 X 30 X 23GR (CHEESE),150,321006,,,30,16,13,208,130,21669.2711,3900.468832,18,,,,27040,,,,,,,,,,,,,,,25570
Normal,Bihar,804404,Chakand Bazar Near masjid chakand gaya,200,FEBR1016,inactive,Akw Enterprises,859B6BB453-B,LMC21-22/BR00478,45238.77066,2022-01-21 07:40:46,2022-01-28 13:23:42,1,Delivered,MAYORA India Pvt Ltd Formerly INBISCO India,MALKIST,MALKIST,MALKIST Singles,MALKIST CHOCOLATE GB 16X30X23GR (CHOCOLATE),150,320698,,,30,16,10,160,130,16668.67008,3000.36064,18,,,,20800,,,,,,,,,,,,,,,19669
Normal,Bihar,804404,Chakand Bazar Near masjid chakand gaya,200,FEBR1016,inactive,Akw Enterprises,859B6BB453-C,LMC21-22/BR00477,13522.45866,2022-01-21 07:40:46,2022-01-28 13:23:47,1,Delivered,MAYORA India Pvt Ltd Formerly INBISCO India,KOPIKO,KOPIKO,KOPIKO JAR,KOPIKO CAPPUCINO 12 JARX 240 X3.5G (CAPPUCINO),240,310240,,,240,12,5,60,200,10131.71226,1215.8055,12,,,,12000,,,,,,,,,,,,,,,11348
Normal,Bihar,804404,Chakand Bazar Near masjid chakand gaya,200,FEBR1016,inactive,Akw Enterprises,859B6BB453-C,LMC21-22/BR00477,13522.45866,2022-01-21 07:40:46,2022-01-28 13:23:47,1,Delivered,MAYORA India Pvt Ltd Formerly INBISCO India,KOPIKO,KOPIKO,KOPIKO JAR,KOPIKO CAPPUCINO 4X650X3.5G (CAPPUCINO (310251)),650,310251,,,650,4,1,4,575.000001,1941.91152,233.029384,12,,,,2300.000004,,,,,,,,,,,,,,,2175
Normal,Bihar,804404,Chakand Bazar Near masjid chakand gaya,200,FEBR1016,inactive,Akw Enterprises,859B6BB453-D,LMC21-22/BR00650,6970.415112,2022-01-21 07:40:46,2022-02-03 00:27:20,2,Delivered,United Biscuits Private Limited,MCVITIE'S,DIGESTIVE,"Digs Mini (216x29.25g) (CDU, Rs.5)","Digs Mini (216x32.5g) (CDU, Rs.5)",5,1000606,,,33,216,5,1080,4.46,3850.97544,693.17532,18,,,,4816.8,,,,,,,,,,,,,,,4544
Normal,Bihar,804404,Chakand Bazar Near masjid chakand gaya,200,FEBR1016,inactive,Akw Enterprises,859B6BB453-D,LMC21-22/BR00650,6970.415112,2022-01-21 07:40:46,2022-02-03 00:27:20,2,Delivered,United Biscuits Private Limited,MCVITIE'S,MARIE,"Marie (96x83.3g) (68g+15.3g Extra,Rs.10)","Marie (96x83.3g) (68g+15.3g Extra,Rs.10)",10,1000635,,,83,96,3,288,8.93,2056.156128,370.108224,18,,,,2571.84,,,,,,,,,,,,,,,2426
Normal,Bihar,804404,Chakand Bazar Near masjid chakand gaya,200,FEBR1016,inactive,Akw Enterprises,859B6BB453-E,LMC21-22/BR00592,19181.28614,2022-01-21 07:40:46,2022-01-28 14:41:35,1,Delivered,Soothe Healthcare Pvt Ltd,SUPER CUTE'S,DIAPERS,Super Cutes Base (S 2),Super Cutes Base (S 1),10,8.908E+12,,,1,240,10,2400,8.77193,17404.6224,2088.5544,12,,,,17153.99664,percentage_discount,20,3480.92448,417.71088,,,,,,,,,,,15595
Normal,Bihar,804404,Chakand Bazar Near masjid chakand gaya,200,FEBR1016,inactive,Akw Enterprises,859B6BB453-E,LMC21-22/BR00592,19181.28614,2022-01-21 07:40:46,2022-01-28 14:41:35,1,Delivered,Soothe Healthcare Pvt Ltd,SUPER CUTE'S,DIAPERS,Super Cutes Base (M 2),Super Cutes Base (M 1),11,8.908E+12,,,1,240,1,240,9.649123,1914.50856,229.74096,12,,,,1886.939616,percentage_discount,20,382.901712,45.948192,,,,,,,,,,,1715
Normal,Bihar,804404,Chakand Bazar Near masjid chakand gaya,200,FEBR1016,inactive,Akw Enterprises,859B6BB453-E,LMC21-22/BR00592,19181.28614,2022-01-21 07:40:46,2022-01-28 14:41:35,1,Delivered,Soothe Healthcare Pvt Ltd,SUPER CUTE'S,DIAPERS,Super Cutes Base (L 2),Super Cutes Base (L 1),12,8.908E+12,,,1,240,1,240,10.526316,2088.55488,250.62648,12,,,,2058.479568,percentage_discount,20,417.710976,50.125296,,,,,,,,,,,1871
Normal,Bihar,804404,Chakand Bazar Near masjid chakand gaya,200,FEBR1016,inactive,Akw Enterprises,859B6BB453-F,LMC21-22/BR00476,1724.822688,2022-01-21 07:40:46,2022-01-28 13:23:52,1,Delivered,MAYORA India Pvt Ltd Formerly INBISCO India,GO CHOCO,GO CHOCO,GO CHOCO JAR,GO CHOCO ROLLZ JAR 12 X 35 PCS X 12GR,175,322947,,,35,12,1,12,152,1461.714144,263.108544,18,,,,1824,,,,,,,,,,,,,,,1725
Normal,Bihar,804404,Chakand Bazar Near masjid chakand gaya,200,FEBR1016,inactive,Akw Enterprises,859B6BB453-G,LMC21-22/BR00440,4179.970944,2022-01-21 07:40:46,2022-01-28 13:11:08,1,Delivered,N Ranga Rao and Sons Pvt Ltd,Goodluck,Puja Products,AGARBATHI_GCTP,AGARBATHI (GCTP),10,GCTP,,,12,576,1,576,7.692307,3980.924928,199.046016,5,,,,4430.768832,,,,,,,,,,,,,,,4180
Normal,East Uttar Pradesh,233227,Yusufpur Bazaar Mohammadabad,8,FNUP0003,inactive,M/S SHAW AND SONS,2AE0D94319-A,LMC21-22/UP00759,3933.806144,2022-01-21 07:41:24,2022-01-28 17:21:31,1,Delivered,MAYORA India Pvt Ltd Formerly INBISCO India,MALKIST,MALKIST,MALKIST Singles,MALKIST CHOCOLATE GB 16X30X23GR (CHOCOLATE),150,320698,,,30,16,2,32,130,3333.734016,600.072128,18,,,,4160,,,,,,,,,,,,,,,3934
Normal,East Uttar Pradesh,233227,Yusufpur Bazaar Mohammadabad,8,FNUP0003,inactive,M/S SHAW AND SONS,2AE0D94319-B,LMC21-22/UP00760,8794.326264,2022-01-21 07:41:24,2022-01-28 17:21:30,1,Delivered,MAYORA India Pvt Ltd Formerly INBISCO India,KOPIKO,KOPIKO,KOPIKO JAR,KOPIKO CAPPUCINO 4X650X3.5G (CAPPUCINO (310251)),650,310251,,,650,4,3,12,575.000001,5825.73456,699.088152,12,,,,6900.000012,,,,,,,,,,,,,,,6525
Normal,East Uttar Pradesh,233227,Yusufpur Bazaar Mohammadabad,8,FNUP0003,inactive,M/S SHAW AND SONS,2AE0D94319-B,LMC21-22/UP00760,8794.326264,2022-01-21 07:41:24,2022-01-28 17:21:30,1,Delivered,MAYORA India Pvt Ltd Formerly INBISCO India,KOPIKO,KOPIKO,KOPIKO JAR,KOPIKO CAPPUCINO 12 JARX 240 X3.5G (CAPPUCINO),240,310240,,,240,12,1,12,200,2026.342452,243.1611,12,,,,2400,,,,,,,,,,,,,,,2270
Normal,Bihar,813211,GRAM RAMPUR DADHI POST PAKARIYA THANA BANKA,81,FNBR049,active,Dipanshu Traders,C081BCAFFE-A,LMC21-22/BR00516,7867.612288,2022-01-21 07:49:18,2022-01-28 13:33:25,1,Delivered,MAYORA India Pvt Ltd Formerly INBISCO India,MALKIST,MALKIST,MALKIST Singles,MALKIST CHEESE GB 16 X 30 X 23GR (CHEESE),150,321006,,,30,16,4,64,130,6667.468032,1200.144256,18,,,,8320,,,,,,,,,,,,,,,7868
Normal,Bihar,800002,"Phulwari Sharif , Aims Road, Naya Tola, Patna",302,FEBR1053,inactive,Khushi Enterprises,0ED4F5ACB7-A,LMC21-22/BR00525,19669.03072,2022-01-21 07:50:53,2022-01-28 14:15:37,1,Delivered,MAYORA India Pvt Ltd Formerly INBISCO India,MALKIST,MALKIST,MALKIST Singles,MALKIST CHEESE GB 16 X 30 X 23GR (CHEESE),150,321006,,,30,16,10,160,130,16668.67008,3000.36064,18,,,,20800,,,,,,,,,,,,,,,19669
Normal,Bihar,800002,"Phulwari Sharif , Aims Road, Naya Tola, Patna",302,FEBR1053,inactive,Khushi Enterprises,0ED4F5ACB7-C,LMC21-22/BR00524,15413.71162,2022-01-21 07:50:53,2022-01-28 14:15:43,1,Delivered,MAYORA India Pvt Ltd Formerly INBISCO India,KOPIKO,KOPIKO,KOPIKO JAR,KOPIKO CAPPUCINO 12 JARX 240 X3.5G (CAPPUCINO),240,310240,,,240,12,2,24,200,4052.684904,486.3222,12,,,,4800,,,,,,,,,,,,,,,4539
Normal,Bihar,800002,"Phulwari Sharif , Aims Road, Naya Tola, Patna",302,FEBR1053,inactive,Khushi Enterprises,0ED4F5ACB7-C,LMC21-22/BR00524,15413.71162,2022-01-21 07:50:53,2022-01-28 14:15:43,1,Delivered,MAYORA India Pvt Ltd Formerly INBISCO India,KOPIKO,KOPIKO,KOPIKO JAR,KOPIKO CAPPUCINO 4X650X3.5G (CAPPUCINO (310251)),650,310251,,,650,4,5,20,575.000001,9709.5576,1165.14692,12,,,,11500.00002,,,,,,,,,,,,,,,10875
Normal,Bihar,800002,"Phulwari Sharif , Aims Road, Naya Tola, Patna",302,FEBR1053,inactive,Khushi Enterprises,0ED4F5ACB7-D,LMC21-22/BR00605,4250.425686,2022-01-21 07:50:53,2022-01-28 14:46:40,1,Delivered,Soothe Healthcare Pvt Ltd,PAREE,SANITARY PADS,Paree Dry Base (6),Paree Dry Base (6),20,8.908E+12,,,6,140,1,140,17.54386,2274.2041,0,,,,,2077.030577,percentage_discount,16.67,379.1098235,,,,,,,,,,,,1895
Normal,Bihar,800002,"Phulwari Sharif , Aims Road, Naya Tola, Patna",302,FEBR1053,inactive,Khushi Enterprises,0ED4F5ACB7-D,LMC21-22/BR00605,4250.425686,2022-01-21 07:50:53,2022-01-28 14:46:40,1,Delivered,Soothe Healthcare Pvt Ltd,PAREE,SANITARY PADS,Paree Dry XL Base (6),Paree Dry XL Base (6),30,8.908E+12,,,6,116,1,116,26.315789,2826.510752,0,,,,,2581.452182,percentage_discount,16.67,471.1793424,,,,,,,,,,,,2355
Normal,Bihar,800002,"Phulwari Sharif , Aims Road, Naya Tola, Patna",302,FEBR1053,inactive,Khushi Enterprises,0ED4F5ACB7-E,LMC21-22/BR00604,6705.652992,2022-01-21 07:50:53,2022-01-28 14:46:44,1,Delivered,Soothe Healthcare Pvt Ltd,SUPER CUTE'S,DIAPERS,Super Cutes Base (S 2),Super Cutes Base (S 1),10,8.908E+12,,,1,240,2,480,8.77193,3480.92448,417.71088,12,,,,3430.799328,percentage_discount,20,696.184896,83.542176,,,,,,,,,,,3119
Normal,Bihar,800002,"Phulwari Sharif , Aims Road, Naya Tola, Patna",302,FEBR1053,inactive,Khushi Enterprises,0ED4F5ACB7-E,LMC21-22/BR00604,6705.652992,2022-01-21 07:50:53,2022-01-28 14:46:44,1,Delivered,Soothe Healthcare Pvt Ltd,SUPER CUTE'S,DIAPERS,Super Cutes Base (M 2),Super Cutes Base (M 1),11,8.908E+12,,,1,240,1,240,9.649123,1914.50856,229.74096,12,,,,1886.939616,percentage_discount,20,382.901712,45.948192,,,,,,,,,,,1715
Normal,Bihar,800002,"Phulwari Sharif , Aims Road, Naya Tola, Patna",302,FEBR1053,inactive,Khushi Enterprises,0ED4F5ACB7-E,LMC21-22/BR00604,6705.652992,2022-01-21 07:50:53,2022-01-28 14:46:44,1,Delivered,Soothe Healthcare Pvt Ltd,SUPER CUTE'S,DIAPERS,Super Cutes Base (L 2),Super Cutes Base (L 1),12,8.908E+12,,,1,240,1,240,10.526316,2088.55488,250.62648,12,,,,2058.479568,percentage_discount,20,417.710976,50.125296,,,,,,,,,,,1871
Normal,Bihar,800002,"Phulwari Sharif , Aims Road, Naya Tola, Patna",302,FEBR1053,inactive,Khushi Enterprises,0ED4F5ACB7-F,LMC21-22/BR00735,6970.415112,2022-01-21 07:50:53,2022-02-03 01:01:15,2,Delivered,United Biscuits Private Limited,MCVITIE'S,MARIE,"Marie (96x83.3g) (68g+15.3g Extra,Rs.10)","Marie (96x83.3g) (68g+15.3g Extra,Rs.10)",10,1000635,,,83,96,3,288,8.93,2056.156128,370.108224,18,,,,2571.84,,,,,,,,,,,,,,,2426
Normal,Bihar,800002,"Phulwari Sharif , Aims Road, Naya Tola, Patna",302,FEBR1053,inactive,Khushi Enterprises,0ED4F5ACB7-F,LMC21-22/BR00735,6970.415112,2022-01-21 07:50:53,2022-02-03 01:01:15,2,Delivered,United Biscuits Private Limited,MCVITIE'S,DIGESTIVE,"Digs Mini (216x29.25g) (CDU, Rs.5)","Digs Mini (216x32.5g) (CDU, Rs.5)",5,1000606,,,33,216,5,1080,4.46,3850.97544,693.17532,18,,,,4816.8,,,,,,,,,,,,,,,4544
Normal,Bihar,804451,Karu Chak Patna Road Masaurhi,199,FEBR1030,inactive,Deepa Trading,279604E700-A,LMC21-22/BR00507,23602.83686,2022-01-21 07:53:08,2022-01-28 13:32:00,1,Delivered,MAYORA India Pvt Ltd Formerly INBISCO India,MALKIST,MALKIST,MALKIST Singles,MALKIST CHEESE GB 16 X 30 X 23GR (CHEESE),150,321006,,,30,16,12,192,130,20002.4041,3600.432768,18,,,,24960,,,,,,,,,,,,,,,23603
Normal,Bihar,868967,"VILL-BHATKHAR, TOLA-BHARATKHAND, PANCH-SAURH SOUTH, BLOCK-PARBATTA, KHAGARIA, Khagaria, Bihar",203,FEBR1031,inactive,HARSH SHOP BHARATKHAND,05BBD98041-A,LMC21-22/BR00515,3933.806144,2022-01-21 07:52:33,2022-01-28 14:14:18,1,Delivered,MAYORA India Pvt Ltd Formerly INBISCO India,MALKIST,MALKIST,MALKIST Singles,MALKIST CHEESE GB 16 X 30 X 23GR (CHEESE),150,321006,,,30,16,2,32,130,3333.734016,600.072128,18,,,,4160,,,,,,,,,,,,,,,3934
Normal,Bihar,811106,"VILL - CHANDANPURA ,PO - ALINAGAR , P.S - SURAJGARHA",96,FNBR062,active,Jai Mata Di Traders,4FBD53F1CF-A,LMC21-22/BR00514,9834.51536,2022-01-21 07:54:38,2022-01-28 14:14:57,1,Delivered,MAYORA India Pvt Ltd Formerly INBISCO India,MALKIST,MALKIST,MALKIST Singles,MALKIST CHEESE GB 16 X 30 X 23GR (CHEESE),150,321006,,,30,16,5,80,130,8334.33504,1500.18032,18,,,,10400,,,,,,,,,,,,,,,9835
Normal,Bihar,811311,"EAST KARYANAND NAGAR , WARD NUM 5 ,NEAR LAKHISARAI BLOCK,PO - LAKHISARAI",95,FNBR061,active,Maa Chandika Enterprises,9AC6C9C4A4-A,LMC21-22/BR00581,3933.806144,2022-01-21 07:57:19,2022-01-28 14:18:28,1,Delivered,MAYORA India Pvt Ltd Formerly INBISCO India,MALKIST,MALKIST,MALKIST Singles,MALKIST CHEESE GB 16 X 30 X 23GR (CHEESE),150,321006,,,30,16,2,32,130,3333.734016,600.072128,18,,,,4160,,,,,,,,,,,,,,,3934
Normal,Bihar,803117,"SHARLICHAK MORH, SILAO, SILAO, Nalanda, Bihar",163,FEBR1011,inactive,BALAJI TRADERS,3A7503E591-A,LMC21-22/BR00491,37371.15837,2022-01-21 08:04:15,2022-01-28 13:29:10,1,Delivered,MAYORA India Pvt Ltd Formerly INBISCO India,MALKIST,MALKIST,MALKIST Singles,MALKIST CHEESE GB 16 X 30 X 23GR (CHEESE),150,321006,,,30,16,18,288,130,30003.60614,5400.649152,18,,,,37440,,,,,,,,,,,,,,,35404
Normal,Bihar,803117,"SHARLICHAK MORH, SILAO, SILAO, Nalanda, Bihar",163,FEBR1011,inactive,BALAJI TRADERS,3A7503E591-A,LMC21-22/BR00491,37371.15837,2022-01-21 08:04:15,2022-01-28 13:29:10,1,Delivered,MAYORA India Pvt Ltd Formerly INBISCO India,MALKIST,MALKIST,MALKIST Singles,MALKIST CHOCOLATE GB 16X30X23GR (CHOCOLATE),150,320698,,,30,16,1,16,130,1666.867008,300.036064,18,,,,2080,,,,,,,,,,,,,,,1967
Normal,Bihar,553563,"Patalpuri mandir,Gondapur, Nawada Bihar",47,FNBR041,inactive,Sri Sai Enterprises,AB448F4375-A,LMC21-22/BR00540,11801.41843,2022-01-21 08:07:07,2022-01-28 14:29:55,1,Delivered,MAYORA India Pvt Ltd Formerly INBISCO India,MALKIST,MALKIST,MALKIST Singles,MALKIST CHEESE GB 16 X 30 X 23GR (CHEESE),150,321006,,,30,16,6,96,130,10001.20205,1800.216384,18,,,,12480,,,,,,,,,,,,,,,11801
Normal,East Uttar Pradesh,209801,"NEAR BUS STOP BIGHAPUR,UNNAO RAEBARELI ROAD,UNNAO",36,FNUP032,inactive,Kalika Enterprises_Achalganj (Ct),B70DA4FE94-B,LMC21-22/UP00692,3449.645376,2022-01-21 08:07:24,2022-01-29 19:06:56,1,Delivered,MAYORA India Pvt Ltd Formerly INBISCO India,GO CHOCO,GO CHOCO,GO CHOCO JAR,GO CHOCO ROLLZ JAR 12 X 35 PCS X 12GR,175,322947,,,35,12,2,24,152,2923.428288,526.217088,18,,,,3648,,,,,,,,,,,,,,,3450
Normal,East Uttar Pradesh,209801,"NEAR BUS STOP BIGHAPUR,UNNAO RAEBARELI ROAD,UNNAO",36,FNUP032,inactive,Kalika Enterprises_Achalganj (Ct),B70DA4FE94-C,LMC21-22/UP00694,5900.709216,2022-01-21 08:07:24,2022-01-29 19:08:33,1,Delivered,MAYORA India Pvt Ltd Formerly INBISCO India,MALKIST,MALKIST,MALKIST Singles,MALKIST CHEESE GB 16 X 30 X 23GR (CHEESE),150,321006,,,30,16,1,16,130,1666.867008,300.036064,18,,,,2080,,,,,,,,,,,,,,,1967
Normal,East Uttar Pradesh,209801,"NEAR BUS STOP BIGHAPUR,UNNAO RAEBARELI ROAD,UNNAO",36,FNUP032,inactive,Kalika Enterprises_Achalganj (Ct),B70DA4FE94-C,LMC21-22/UP00694,5900.709216,2022-01-21 08:07:24,2022-01-29 19:08:33,1,Delivered,MAYORA India Pvt Ltd Formerly INBISCO India,MALKIST,MALKIST,MALKIST Singles,MALKIST CHOCOLATE GB 16X30X23GR (CHOCOLATE),150,320698,,,30,16,2,32,130,3333.734016,600.072128,18,,,,4160,,,,,,,,,,,,,,,3934
Normal,East Uttar Pradesh,209801,"NEAR BUS STOP BIGHAPUR,UNNAO RAEBARELI ROAD,UNNAO",36,FNUP032,inactive,Kalika Enterprises_Achalganj (Ct),B70DA4FE94-D,LMC21-22/UP00693,5295.508232,2022-01-21 08:07:24,2022-01-29 19:09:20,1,Delivered,MAYORA India Pvt Ltd Formerly INBISCO India,KOPIKO,KOPIKO,KOPIKO Pouch,KOPIKO CAPPUCINO 28 X115 X3.5G PCH (CAPPUCINO),115,310203,,,115,28,2,56,100,4728.13236,567.375872,12,,,,5600,,,,,,,,,,,,,,,5296
Normal,East Uttar Pradesh,209801,"NEAR BUS STOP BIGHAPUR,UNNAO RAEBARELI ROAD,UNNAO",36,FNUP032,inactive,Kalika Enterprises_Achalganj (Ct),B70DA4FE94-E,LMC21-22/UP00702,7278.793056,2022-01-21 08:07:24,2022-01-29 19:09:59,1,Delivered,United Biscuits Private Limited,MCVITIE'S,COOKIES,Cashew (144x60g),Cashew (144x60g),10,1000028,,,60,144,3,432,8.93,3084.234192,555.162336,18,,,,3857.76,,,,,,,,,,,,,,,3639
Normal,East Uttar Pradesh,209801,"NEAR BUS STOP BIGHAPUR,UNNAO RAEBARELI ROAD,UNNAO",36,FNUP032,inactive,Kalika Enterprises_Achalganj (Ct),B70DA4FE94-E,LMC21-22/UP00702,7278.793056,2022-01-21 08:07:24,2022-01-29 19:09:59,1,Delivered,United Biscuits Private Limited,MCVITIE'S,CREAM,Dark Creams Vanilla (Rs.10),"Dark Cookie Cream (144x50g) (VN, Rs.10)",10,1000609,,,50,144,3,432,8.93,3084.234192,555.162336,18,,,,3857.76,,,,,,,,,,,,,,,3639
Normal,East Uttar Pradesh,209801,"NEAR BUS STOP BIGHAPUR,UNNAO RAEBARELI ROAD,UNNAO",36,FNUP032,inactive,Kalika Enterprises_Achalganj (Ct),B70DA4FE94-F,LMC21-22/UP00689,4528.302048,2022-01-21 08:07:24,2022-01-29 19:10:54,1,Delivered,N Ranga Rao and Sons Pvt Ltd,THREE IN ONE,Puja Products,AGARBATHI_TINB,AGARBATHI (DF00000014),20,DF00000014,,,36,288,1,288,16.666667,4312.668672,215.633376,5,,,,4800.000096,,,,,,,,,,,,,,,4528
Normal,Bihar,804452,ADARSH NAGAR MASAURHI,7,FNBR0003,active,Laxmi Store,C1C68A2FE1-A,LMC21-22/BR00580,29503.54608,2022-01-21 08:07:34,2022-01-28 14:17:19,1,Delivered,MAYORA India Pvt Ltd Formerly INBISCO India,MALKIST,MALKIST,MALKIST Singles,MALKIST CHEESE GB 16 X 30 X 23GR (CHEESE),150,321006,,,30,16,10,160,130,16668.67008,3000.36064,18,,,,20800,,,,,,,,,,,,,,,19669
Normal,Bihar,804452,ADARSH NAGAR MASAURHI,7,FNBR0003,active,Laxmi Store,C1C68A2FE1-A,LMC21-22/BR00580,29503.54608,2022-01-21 08:07:34,2022-01-28 14:17:19,1,Delivered,MAYORA India Pvt Ltd Formerly INBISCO India,MALKIST,MALKIST,MALKIST Singles,MALKIST CHOCOLATE GB 16X30X23GR (CHOCOLATE),150,320698,,,30,16,5,80,130,8334.33504,1500.18032,18,,,,10400,,,,,,,,,,,,,,,9835
Normal,Bihar,804452,ADARSH NAGAR MASAURHI,7,FNBR0003,active,Laxmi Store,C1C68A2FE1-C,LMC21-22/BR00579,10874.70452,2022-01-21 08:07:34,2022-01-28 14:17:22,1,Delivered,MAYORA India Pvt Ltd Formerly INBISCO India,KOPIKO,KOPIKO,KOPIKO JAR,KOPIKO CAPPUCINO 4X650X3.5G (CAPPUCINO (310251)),650,310251,,,650,4,5,20,575.000001,9709.5576,1165.14692,12,,,,11500.00002,,,,,,,,,,,,,,,10875
Normal,Bihar,804452,ADARSH NAGAR MASAURHI,7,FNBR0003,active,Laxmi Store,C1C68A2FE1-E,LMC21-22/BR00736,9196.528728,2022-01-21 08:07:34,2022-02-03 01:02:35,2,Delivered,United Biscuits Private Limited,MCVITIE'S,DIGESTIVE,"Digs Mini (216x29.25g) (CDU, Rs.5)","Digs Mini (216x32.5g) (CDU, Rs.5)",5,1000606,,,33,216,3,648,4.46,2310.585264,415.905192,18,,,,2890.08,,,,,,,,,,,,,,,2726
Normal,Bihar,804452,ADARSH NAGAR MASAURHI,7,FNBR0003,active,Laxmi Store,C1C68A2FE1-E,LMC21-22/BR00736,9196.528728,2022-01-21 08:07:34,2022-02-03 01:02:35,2,Delivered,United Biscuits Private Limited,MCVITIE'S,MARIE,"Marie (96x83.3g) (68g+15.3g Extra,Rs.10)","Marie (96x83.3g) (68g+15.3g Extra,Rs.10)",10,1000635,,,83,96,2,192,8.93,1370.770752,246.738816,18,,,,1714.56,,,,,,,,,,,,,,,1618
Normal,Bihar,804452,ADARSH NAGAR MASAURHI,7,FNBR0003,active,Laxmi Store,C1C68A2FE1-E,LMC21-22/BR00736,9196.528728,2022-01-21 08:07:34,2022-02-03 01:02:35,2,Delivered,United Biscuits Private Limited,MCVITIE'S,COOKIES,"Butter (144x60g, New)(Rs. 10)","Butter (144x60g, New)(Rs. 10)",10,1000612,,,60,144,3,432,8.93,3084.234192,555.162336,18,,,,3857.76,,,,,,,,,,,,,,,3639
Normal,Bihar,804452,ADARSH NAGAR MASAURHI,7,FNBR0003,active,Laxmi Store,C1C68A2FE1-E,LMC21-22/BR00736,9196.528728,2022-01-21 08:07:34,2022-02-03 01:02:35,2,Delivered,United Biscuits Private Limited,MCVITIE'S,CREAM,Dark Creams Vanilla (Rs.10),"Dark Cookie Cream (144x50g) (VN, Rs.10)",10,1000609,,,50,144,1,144,8.93,1028.078064,185.054112,18,,,,1285.92,,,,,,,,,,,,,,,1213
Normal,Bihar,804452,ADARSH NAGAR MASAURHI,7,FNBR0003,active,Laxmi Store,C1C68A2FE1-F,LMC21-22/BR00611,2030.458112,2022-01-21 08:07:34,2022-01-28 14:48:02,1,Delivered,Soothe Healthcare Pvt Ltd,PAREE,SANITARY PADS,Paree Dry Base (20),Paree Dry Base (20),75,8.908E+12,,,20,40,1,40,65.789474,2436.6472,0,,,,,2225.389872,percentage_discount,16.67,406.1890882,,,,,,,,,,,,2030
Normal,Bihar,804452,ADARSH NAGAR MASAURHI,7,FNBR0003,active,Laxmi Store,C1C68A2FE1-G,LMC21-22/BR00610,19181.28614,2022-01-21 08:07:34,2022-01-28 14:48:05,1,Delivered,Soothe Healthcare Pvt Ltd,SUPER CUTE'S,DIAPERS,Super Cutes Base (S 2),Super Cutes Base (S 1),10,8.908E+12,,,1,240,10,2400,8.77193,17404.6224,2088.5544,12,,,,17153.99664,percentage_discount,20,3480.92448,417.71088,,,,,,,,,,,15595
Normal,Bihar,804452,ADARSH NAGAR MASAURHI,7,FNBR0003,active,Laxmi Store,C1C68A2FE1-G,LMC21-22/BR00610,19181.28614,2022-01-21 08:07:34,2022-01-28 14:48:05,1,Delivered,Soothe Healthcare Pvt Ltd,SUPER CUTE'S,DIAPERS,Super Cutes Base (M 2),Super Cutes Base (M 1),11,8.908E+12,,,1,240,1,240,9.649123,1914.50856,229.74096,12,,,,1886.939616,percentage_discount,20,382.901712,45.948192,,,,,,,,,,,1715
Normal,Bihar,804452,ADARSH NAGAR MASAURHI,7,FNBR0003,active,Laxmi Store,C1C68A2FE1-G,LMC21-22/BR00610,19181.28614,2022-01-21 08:07:34,2022-01-28 14:48:05,1,Delivered,Soothe Healthcare Pvt Ltd,SUPER CUTE'S,DIAPERS,Super Cutes Base (L 2),Super Cutes Base (L 1),12,8.908E+12,,,1,240,1,240,10.526316,2088.55488,250.62648,12,,,,2058.479568,percentage_discount,20,417.710976,50.125296,,,,,,,,,,,1871
Normal,Bihar,804452,ADARSH NAGAR MASAURHI,7,FNBR0003,active,Laxmi Store,C1C68A2FE1-I,LMC21-22/BR00448,8359.941888,2022-01-21 08:07:34,2022-01-28 13:14:40,1,Delivered,N Ranga Rao and Sons Pvt Ltd,Goodluck,Puja Products,AGARBATHI_GRTP,AGARBATHI (GRTP),10,GRTP,,,12,576,1,576,7.692307,3980.924928,199.046016,5,,,,4430.768832,,,,,,,,,,,,,,,4180
Normal,Bihar,804452,ADARSH NAGAR MASAURHI,7,FNBR0003,active,Laxmi Store,C1C68A2FE1-I,LMC21-22/BR00448,8359.941888,2022-01-21 08:07:34,2022-01-28 13:14:40,1,Delivered,N Ranga Rao and Sons Pvt Ltd,Goodluck,Puja Products,AGARBATHI_GMTP,AGARBATHI (GMTP),10,GMTP,,,12,576,1,576,7.692307,3980.924928,199.046016,5,,,,4430.768832,,,,,,,,,,,,,,,4180
Normal,East Uttar Pradesh,221401,"Katra bazar,West station road,Sant Ravidas nagar(Bhadohi)",39,FNUP035,inactive,M/S I B TRADERS,98E6517D1B-A,LMC21-22/UP00758,3933.806144,2022-01-21 08:07:46,2022-01-28 17:16:29,1,Delivered,MAYORA India Pvt Ltd Formerly INBISCO India,MALKIST,MALKIST,MALKIST Singles,MALKIST CHOCOLATE GB 16X30X23GR (CHOCOLATE),150,320698,,,30,16,2,32,130,3333.734016,600.072128,18,,,,4160,,,,,,,,,,,,,,,3934
Normal,East Uttar Pradesh,221401,"Katra bazar,West station road,Sant Ravidas nagar(Bhadohi)",39,FNUP035,inactive,M/S I B TRADERS,98E6517D1B-B,LMC21-22/UP00757,1817.660304,2022-01-21 08:07:46,2022-01-28 17:19:15,1,Delivered,United Biscuits Private Limited,MCVITIE'S,DIGESTIVE,"Digs Mini (216x29.25g) (CDU, Rs.5)","Digs Mini (216x32.5g) (CDU, Rs.5)",5,1000606,,,33,216,2,432,4.46,1540.390176,277.270128,18,,,,1926.72,,,,,,,,,,,,,,,1818
Normal,East Uttar Pradesh,221401,"Katra bazar,West station road,Sant Ravidas nagar(Bhadohi)",39,FNUP035,inactive,M/S I B TRADERS,98E6517D1B-C,LMC21-22/UP00756,3430.799232,2022-01-21 08:07:46,2022-01-28 17:18:35,1,Delivered,Soothe Healthcare Pvt Ltd,SUPER CUTE'S,DIAPERS,Super Cutes Base (M 2),Super Cutes Base (M 1),11,8.908E+12,,,1,240,2,480,9.649123,3829.01712,459.48192,12,,,,3773.879232,percentage_discount,20,765.803424,91.896384,,,,,,,,,,,3431
Normal,East Uttar Pradesh,221401,"Katra bazar,West station road,Sant Ravidas nagar(Bhadohi)",39,FNUP035,inactive,M/S I B TRADERS,98E6517D1B-D,LMC21-22/UP00755,4528.302048,2022-01-21 08:07:46,2022-01-28 17:17:57,1,Delivered,N Ranga Rao and Sons Pvt Ltd,SANDALUM,Puja Products,AGARBATHI_SPBT,AGARBATHI (DF00002025),20,DF00002025,,,34,288,1,288,16.666667,4312.668672,215.633376,5,,,,4800.000096,,,,,,,,,,,,,,,4528
Normal,East Uttar Pradesh,221401,"Katra bazar,West station road,Sant Ravidas nagar(Bhadohi)",39,FNUP035,inactive,M/S I B TRADERS,98E6517D1B-E,LMC21-22/UP00754,4444.444456,2022-01-21 08:07:46,2022-01-28 17:16:30,1,Delivered,MAYORA India Pvt Ltd Formerly INBISCO India,KOPIKO,KOPIKO,KOPIKO JAR,KOPIKO CAPPUCINO 4X650X3.5G (CAPPUCINO (310251)),650,310251,,,650,4,1,4,575.000001,1941.91152,233.029384,12,,,,2300.000004,,,,,,,,,,,,,,,2175
Normal,East Uttar Pradesh,221401,"Katra bazar,West station road,Sant Ravidas nagar(Bhadohi)",39,FNUP035,inactive,M/S I B TRADERS,98E6517D1B-E,LMC21-22/UP00754,4444.444456,2022-01-21 08:07:46,2022-01-28 17:16:30,1,Delivered,MAYORA India Pvt Ltd Formerly INBISCO India,KOPIKO,KOPIKO,KOPIKO JAR,KOPIKO CAPPUCINO 12 JARX 240 X3.5G (CAPPUCINO),240,310240,,,240,12,1,12,200,2026.342452,243.1611,12,,,,2400,,,,,,,,,,,,,,,2270
Normal,Bihar,803101,"GROUND FLOOR, RAHUI ROAD, AMBER, Nalanda, Bihar",43,FNBR038,inactive,BHARAT TRADERS,7D52F35951-A,LMC21-22/BR00495,11801.41843,2022-01-21 08:07:51,2022-01-28 13:30:13,1,Delivered,MAYORA India Pvt Ltd Formerly INBISCO India,MALKIST,MALKIST,MALKIST Singles,MALKIST CHEESE GB 16 X 30 X 23GR (CHEESE),150,321006,,,30,16,6,96,130,10001.20205,1800.216384,18,,,,12480,,,,,,,,,,,,,,,11801
Normal,Bihar,852214,"AT JADIA, WARD NO 02 JADIA, SUPAUL, Supaul, Bihar",80,FNBR048,active,S.K.Enterprises,BFF1F7B33B-A,LMC21-22/BR00556,15735.22458,2022-01-21 08:09:00,2022-01-28 14:27:17,1,Delivered,MAYORA India Pvt Ltd Formerly INBISCO India,MALKIST,MALKIST,MALKIST Singles,MALKIST CHEESE GB 16 X 30 X 23GR (CHEESE),150,321006,,,30,16,8,128,130,13334.93606,2400.288512,18,,,,16640,,,,,,,,,,,,,,,15735
Normal,Bihar,854115,"AJAY KUMAR SINGH, KABAR, KABAR, Katihar, Bihar",5,FNBR0001,inactive,BABA SHREE ENTERPRISES,42DAA3AD37-A,LMC21-22/BR00490,11801.41843,2022-01-21 08:14:43,2022-01-28 13:28:14,1,Delivered,MAYORA India Pvt Ltd Formerly INBISCO India,MALKIST,MALKIST,MALKIST Singles,MALKIST CHEESE GB 16 X 30 X 23GR (CHEESE),150,321006,,,30,16,6,96,130,10001.20205,1800.216384,18,,,,12480,,,,,,,,,,,,,,,11801
Normal,Bihar,811315,"Gokhula , Sikandra , Jamui",266,FEBR1043,active,Mahadev Enterprises,B67FFEFF09-A,LMC21-22/BR00578,21635.93379,2022-01-21 08:18:40,2022-01-28 14:19:58,1,Delivered,MAYORA India Pvt Ltd Formerly INBISCO India,MALKIST,MALKIST,MALKIST Singles,MALKIST CHEESE GB 16 X 30 X 23GR (CHEESE),150,321006,,,30,16,11,176,130,18335.53709,3300.396704,18,,,,22880,,,,,,,,,,,,,,,21636
Normal,Bihar,811315,"Gokhula , Sikandra , Jamui",266,FEBR1043,active,Mahadev Enterprises,B67FFEFF09-B,LMC21-22/BR00614,1559.454144,2022-01-21 08:18:40,2022-01-28 14:48:51,1,Delivered,Soothe Healthcare Pvt Ltd,SUPER CUTE'S,DIAPERS,Super Cutes Base (S 2),Super Cutes Base (S 1),10,8.908E+12,,,1,240,1,240,8.77193,1740.46224,208.85544,12,,,,1715.399664,percentage_discount,20,348.092448,41.771088,,,,,,,,,,,1559
Normal,East Uttar Pradesh,273162,"Ranipur chauhara, Purenderpur, Maharajganj",109,FNUP073,active,Krishna Hardware And Ply Center,1E96EB420D-A,LMC21-22/UP00753,9475.471383,2022-01-21 08:22:38,2022-01-28 17:06:26,1,Delivered,Soothe Healthcare Pvt Ltd,PAREE,SANITARY PADS,Paree Dry Base (6),Paree Dry Base (6),20,8.908E+12,,,6,140,5,700,17.54386,11371.0205,0,,,,,10385.15288,percentage_discount,16.67,1895.549117,,,,,,,,,,,,9475
Normal,East Uttar Pradesh,273162,"Ranipur chauhara, Purenderpur, Maharajganj",109,FNUP073,active,Krishna Hardware And Ply Center,1E96EB420D-B,LMC21-22/UP00752,3118.908288,2022-01-21 08:22:38,2022-01-28 17:06:28,1,Delivered,Soothe Healthcare Pvt Ltd,SUPER CUTE'S,DIAPERS,Super Cutes Base (S 2),Super Cutes Base (S 1),10,8.908E+12,,,1,240,2,480,8.77193,3480.92448,417.71088,12,,,,3430.799328,percentage_discount,20,696.184896,83.542176,,,,,,,,,,,3119
Normal,East Uttar Pradesh,273162,"Ranipur chauhara, Purenderpur, Maharajganj",109,FNUP073,active,Krishna Hardware And Ply Center,1E96EB420D-D,LMC21-22/UP00750,1794.39264,2022-01-21 08:22:38,2022-01-28 17:06:01,1,Delivered,Desai Brothers Ltd,Pitaara,FMCG,Manchahi Moong Daal,Manchahi Moong Daal (Treat)-22/10.56,5,369,,,22,480,1,480,4,1602.13632,192.25632,12,,,,1920,,,,,,,,,,,,,,,1794
Normal,Bihar,853204,"TETRI, TETRI, TETRIPAKRA, NAUGACHHIA, BHAGALPUR, Bhagalpur, Bihar",209,FEBR1012,active,BARUN GENERAL STORE,23D007C244-A,LMC21-22/BR00493,19669.03072,2022-01-21 08:22:42,2022-01-28 13:29:26,1,Delivered,MAYORA India Pvt Ltd Formerly INBISCO India,MALKIST,MALKIST,MALKIST Singles,MALKIST CHEESE GB 16 X 30 X 23GR (CHEESE),150,321006,,,30,16,6,96,130,10001.20205,1800.216384,18,,,,12480,,,,,,,,,,,,,,,11801
Normal,Bihar,853204,"TETRI, TETRI, TETRIPAKRA, NAUGACHHIA, BHAGALPUR, Bhagalpur, Bihar",209,FEBR1012,active,BARUN GENERAL STORE,23D007C244-A,LMC21-22/BR00493,19669.03072,2022-01-21 08:22:42,2022-01-28 13:29:26,1,Delivered,MAYORA India Pvt Ltd Formerly INBISCO India,MALKIST,MALKIST,MALKIST Singles,MALKIST CHOCOLATE GB 16X30X23GR (CHOCOLATE),150,320698,,,30,16,4,64,130,6667.468032,1200.144256,18,,,,8320,,,,,,,,,,,,,,,7868
Normal,Bihar,853204,"TETRI, TETRI, TETRIPAKRA, NAUGACHHIA, BHAGALPUR, Bhagalpur, Bihar",209,FEBR1012,active,BARUN GENERAL STORE,23D007C244-B,LMC21-22/BR00492,10874.70452,2022-01-21 08:22:42,2022-01-28 13:29:37,1,Delivered,MAYORA India Pvt Ltd Formerly INBISCO India,KOPIKO,KOPIKO,KOPIKO JAR,KOPIKO CAPPUCINO 4X650X3.5G (CAPPUCINO (310251)),650,310251,,,650,4,5,20,575.000001,9709.5576,1165.14692,12,,,,11500.00002,,,,,,,,,,,,,,,10875
Normal,Bihar,853204,"TETRI, TETRI, TETRIPAKRA, NAUGACHHIA, BHAGALPUR, Bhagalpur, Bihar",209,FEBR1012,active,BARUN GENERAL STORE,23D007C244-C,LMC21-22/BR00737,7270.641216,2022-01-21 08:22:42,2022-02-03 00:35:41,2,Delivered,United Biscuits Private Limited,MCVITIE'S,DIGESTIVE,"Digs Mini (216x29.25g) (CDU, Rs.5)","Digs Mini (216x32.5g) (CDU, Rs.5)",5,1000606,,,33,216,8,1728,4.46,6161.560704,1109.080512,18,,,,7706.88,,,,,,,,,,,,,,,7271
Normal,Bihar,486555,"Rajhat, Rajhat, Akbarpur, Nawada, Bihar",145,FEBR1001,inactive,Mohammadi Traders,2A630BF484-A,LMC21-22/BR00568,7867.612288,2022-01-21 08:34:48,2022-01-28 14:22:14,1,Delivered,MAYORA India Pvt Ltd Formerly INBISCO India,MALKIST,MALKIST,MALKIST Singles,MALKIST CHEESE GB 16 X 30 X 23GR (CHEESE),150,321006,,,30,16,4,64,130,6667.468032,1200.144256,18,,,,8320,,,,,,,,,,,,,,,7868
Normal,East Uttar Pradesh,224190,"Bhabhan jyotiya jot avasthi, jot avasthi, tanda tahashil,ambedkar nagar",164,FNUP1014,inactive,Golden Enterprises,7FF798EADA-A,LMC21-22/UP00688,35404.2553,2022-01-21 08:40:35,2022-01-28 16:57:24,1,Delivered,MAYORA India Pvt Ltd Formerly INBISCO India,MALKIST,MALKIST,MALKIST Singles,MALKIST CHEESE GB 16 X 30 X 23GR (CHEESE),150,321006,,,30,16,15,240,130,25003.00512,4500.54096,18,,,,31200,,,,,,,,,,,,,,,29504
Normal,East Uttar Pradesh,224190,"Bhabhan jyotiya jot avasthi, jot avasthi, tanda tahashil,ambedkar nagar",164,FNUP1014,inactive,Golden Enterprises,7FF798EADA-A,LMC21-22/UP00688,35404.2553,2022-01-21 08:40:35,2022-01-28 16:57:24,1,Delivered,MAYORA India Pvt Ltd Formerly INBISCO India,MALKIST,MALKIST,MALKIST Singles,MALKIST CHOCOLATE GB 16X30X23GR (CHOCOLATE),150,320698,,,30,16,3,48,130,5000.601024,900.108192,18,,,,6240,,,,,,,,,,,,,,,5901
Normal,East Uttar Pradesh,224190,"Bhabhan jyotiya jot avasthi, jot avasthi, tanda tahashil,ambedkar nagar",164,FNUP1014,inactive,Golden Enterprises,7FF798EADA-B,LMC21-22/UP00687,11211.34747,2022-01-21 08:40:35,2022-01-28 16:57:40,1,Delivered,MAYORA India Pvt Ltd Formerly INBISCO India,GO CHOCO,GO CHOCO,GO CHOCO JAR (Biscuit),GO CHOCO WEELZ FUN BITES 12 X 22 X 36 G (WEELZ),220,321033,,,22,12,2,24,190,3654.28536,657.77136,18,,,,4560,,,,,,,,,,,,,,,4312
Normal,East Uttar Pradesh,224190,"Bhabhan jyotiya jot avasthi, jot avasthi, tanda tahashil,ambedkar nagar",164,FNUP1014,inactive,Golden Enterprises,7FF798EADA-B,LMC21-22/UP00687,11211.34747,2022-01-21 08:40:35,2022-01-28 16:57:40,1,Delivered,MAYORA India Pvt Ltd Formerly INBISCO India,GO CHOCO,GO CHOCO,GO CHOCO JAR,GO CHOCO ROLLZ JAR 12 X 35 PCS X 12GR,175,322947,,,35,12,4,48,152,5846.856576,1052.434176,18,,,,7296,,,,,,,,,,,,,,,6899
Normal,East Uttar Pradesh,224190,"Bhabhan jyotiya jot avasthi, jot avasthi, tanda tahashil,ambedkar nagar",164,FNUP1014,inactive,Golden Enterprises,7FF798EADA-D,LMC21-22/UP00685,7065.994229,2022-01-21 08:40:35,2022-01-28 16:58:41,1,Delivered,Soothe Healthcare Pvt Ltd,PAREE,SANITARY PADS,Paree Dry XL Base (6),Paree Dry XL Base (6),30,8.908E+12,,,6,116,3,348,26.315789,8479.532256,0,,,,,7744.356545,percentage_discount,16.67,1413.538027,,,,,,,,,,,,7066
Normal,East Uttar Pradesh,224190,"Bhabhan jyotiya jot avasthi, jot avasthi, tanda tahashil,ambedkar nagar",164,FNUP1014,inactive,Golden Enterprises,7FF798EADA-E,LMC21-22/UP00684,3118.908288,2022-01-21 08:40:35,2022-01-28 16:58:06,1,Delivered,Soothe Healthcare Pvt Ltd,SUPER CUTE'S,DIAPERS,Super Cutes Base (S 2),Super Cutes Base (S 1),10,8.908E+12,,,1,240,2,480,8.77193,3480.92448,417.71088,12,,,,3430.799328,percentage_discount,20,696.184896,83.542176,,,,,,,,,,,3119
Normal,Bihar,847301,"Vill-Dhobopur Bansarapo-Kishanpur Baikunth,Baheri-Darbhanga",244,FEBR1035,active,Ashtha Enterprises,CBFBD2D04B-B,LMC21-22/BR00488,11801.41843,2022-01-21 08:41:48,2022-01-28 13:26:53,1,Delivered,MAYORA India Pvt Ltd Formerly INBISCO India,MALKIST,MALKIST,MALKIST Singles,MALKIST CHEESE GB 16 X 30 X 23GR (CHEESE),150,321006,,,30,16,6,96,130,10001.20205,1800.216384,18,,,,12480,,,,,,,,,,,,,,,11801
Normal,Bihar,847301,"Vill-Dhobopur Bansarapo-Kishanpur Baikunth,Baheri-Darbhanga",244,FEBR1035,active,Ashtha Enterprises,CBFBD2D04B-C,LMC21-22/BR00597,8094.75973,2022-01-21 08:41:48,2022-01-28 14:43:01,1,Delivered,Soothe Healthcare Pvt Ltd,PAREE,SANITARY PADS,Paree Dry Base (6),Paree Dry Base (6),20,8.908E+12,,,6,140,2,280,17.54386,4548.4082,0,,,,,4154.061153,percentage_discount,16.67,758.2196469,,,,,,,,,,,,3790
Normal,Bihar,847301,"Vill-Dhobopur Bansarapo-Kishanpur Baikunth,Baheri-Darbhanga",244,FEBR1035,active,Ashtha Enterprises,CBFBD2D04B-C,LMC21-22/BR00597,8094.75973,2022-01-21 08:41:48,2022-01-28 14:43:01,1,Delivered,Soothe Healthcare Pvt Ltd,PAREE,SANITARY PADS,Paree Dry XL Base (18),Paree Dry XL Base (18),80,8.908E+12,,,18,36,1,36,70.175439,2339.181288,0,,,,,2136.374283,percentage_discount,16.67,389.9415207,,,,,,,,,,,,1949
Normal,Bihar,847301,"Vill-Dhobopur Bansarapo-Kishanpur Baikunth,Baheri-Darbhanga",244,FEBR1035,active,Ashtha Enterprises,CBFBD2D04B-C,LMC21-22/BR00597,8094.75973,2022-01-21 08:41:48,2022-01-28 14:43:01,1,Delivered,Soothe Healthcare Pvt Ltd,PAREE,SANITARY PADS,Paree Dry XL Base (6),Paree Dry XL Base (6),30,8.908E+12,,,6,116,1,116,26.315789,2826.510752,0,,,,,2581.452182,percentage_discount,16.67,471.1793424,,,,,,,,,,,,2355
Normal,East Uttar Pradesh,221401,Deera Sant Ravidas Nagar,327,FNUP1069,inactive,Shukla Enterprises,9638F594A3-A,LMC21-22/UP00847,19952.71873,2022-01-21 08:41:55,2022-01-28 18:39:10,1,Delivered,MAYORA India Pvt Ltd Formerly INBISCO India,KOPIKO,KOPIKO,KOPIKO JAR,KOPIKO CAPPUCINO 12 JARX 240 X3.5G (CAPPUCINO),240,310240,,,240,12,4,48,200,8105.369808,972.6444,12,,,,9600,,,,,,,,,,,,,,,9078
Normal,East Uttar Pradesh,221401,Deera Sant Ravidas Nagar,327,FNUP1069,inactive,Shukla Enterprises,9638F594A3-A,LMC21-22/UP00847,19952.71873,2022-01-21 08:41:55,2022-01-28 18:39:10,1,Delivered,MAYORA India Pvt Ltd Formerly INBISCO India,KOPIKO,KOPIKO,KOPIKO JAR,KOPIKO CAPPUCINO 4X650X3.5G (CAPPUCINO (310251)),650,310251,,,650,4,5,20,575.000001,9709.5576,1165.14692,12,,,,11500.00002,,,,,,,,,,,,,,,10875
Normal,East Uttar Pradesh,221401,Deera Sant Ravidas Nagar,327,FNUP1069,inactive,Shukla Enterprises,9638F594A3-B,LMC21-22/UP00846,8421.052608,2022-01-21 08:41:55,2022-01-28 18:38:47,1,Delivered,Soothe Healthcare Pvt Ltd,SUPER CUTE'S,DIAPERS,Super Cutes Base (L 2),Super Cutes Base (L 1),12,8.908E+12,,,1,240,1,240,10.526316,2088.55488,250.62648,12,,,,2058.479568,percentage_discount,20,417.710976,50.125296,,,,,,,,,,,1871
Normal,East Uttar Pradesh,221401,Deera Sant Ravidas Nagar,327,FNUP1069,inactive,Shukla Enterprises,9638F594A3-B,LMC21-22/UP00846,8421.052608,2022-01-21 08:41:55,2022-01-28 18:38:47,1,Delivered,Soothe Healthcare Pvt Ltd,SUPER CUTE'S,DIAPERS,Super Cutes Base (M 2),Super Cutes Base (M 1),11,8.908E+12,,,1,240,2,480,9.649123,3829.01712,459.48192,12,,,,3773.879232,percentage_discount,20,765.803424,91.896384,,,,,,,,,,,3431
Normal,East Uttar Pradesh,221401,Deera Sant Ravidas Nagar,327,FNUP1069,inactive,Shukla Enterprises,9638F594A3-B,LMC21-22/UP00846,8421.052608,2022-01-21 08:41:55,2022-01-28 18:38:47,1,Delivered,Soothe Healthcare Pvt Ltd,SUPER CUTE'S,DIAPERS,Super Cutes Base (S 2),Super Cutes Base (S 1),10,8.908E+12,,,1,240,2,480,8.77193,3480.92448,417.71088,12,,,,3430.799328,percentage_discount,20,696.184896,83.542176,,,,,,,,,,,3119
Normal,East Uttar Pradesh,221401,Deera Sant Ravidas Nagar,327,FNUP1069,inactive,Shukla Enterprises,9638F594A3-C,LMC21-22/UP00845,6280.883798,2022-01-21 08:41:56,2022-01-28 18:38:14,1,Delivered,Soothe Healthcare Pvt Ltd,PAREE,SANITARY PADS,Paree Dry Base (20),Paree Dry Base (20),75,8.908E+12,,,20,40,1,40,65.789474,2436.6472,0,,,,,2225.389872,percentage_discount,16.67,406.1890882,,,,,,,,,,,,2030
Normal,East Uttar Pradesh,221401,Deera Sant Ravidas Nagar,327,FNUP1069,inactive,Shukla Enterprises,9638F594A3-C,LMC21-22/UP00845,6280.883798,2022-01-21 08:41:56,2022-01-28 18:38:14,1,Delivered,Soothe Healthcare Pvt Ltd,PAREE,SANITARY PADS,Paree Dry Base (6),Paree Dry Base (6),20,8.908E+12,,,6,140,1,140,17.54386,2274.2041,0,,,,,2077.030577,percentage_discount,16.67,379.1098235,,,,,,,,,,,,1895
Normal,East Uttar Pradesh,221401,Deera Sant Ravidas Nagar,327,FNUP1069,inactive,Shukla Enterprises,9638F594A3-C,LMC21-22/UP00845,6280.883798,2022-01-21 08:41:56,2022-01-28 18:38:14,1,Delivered,Soothe Healthcare Pvt Ltd,PAREE,SANITARY PADS,Paree Dry XL Base (6),Paree Dry XL Base (6),30,8.908E+12,,,6,116,1,116,26.315789,2826.510752,0,,,,,2581.452182,percentage_discount,16.67,471.1793424,,,,,,,,,,,,2355
Normal,East Uttar Pradesh,221401,Deera Sant Ravidas Nagar,327,FNUP1069,inactive,Shukla Enterprises,9638F594A3-E,LMC21-22/UP00844,4528.302048,2022-01-21 08:41:56,2022-01-28 18:37:48,1,Delivered,N Ranga Rao and Sons Pvt Ltd,SANDALUM,Puja Products,AGARBATHI_SPBT,AGARBATHI (DF00002025),20,DF00002025,,,34,288,1,288,16.666667,4312.668672,215.633376,5,,,,4800.000096,,,,,,,,,,,,,,,4528
Normal,West Uttar Pradesh,245412,"H.No-58,Pattiraja ram/Moh.-chauhtthi(Syana)",16,FNUP011,inactive,V K ELECTRIC STORE SIYANA,391B682BC2-A,LMC21-22/UP00843,14346.97824,2022-01-21 08:44:39,2022-01-28 18:43:34,1,Delivered,Soothe Healthcare Pvt Ltd,SUPER CUTE'S,DIAPERS,Super Cutes Base (M 2),Super Cutes Base (M 1),11,8.908E+12,,,1,240,2,480,9.649123,3829.01712,459.48192,12,,,,3773.879232,percentage_discount,20,765.803424,91.896384,,,,,,,,,,,3431
Normal,West Uttar Pradesh,245412,"H.No-58,Pattiraja ram/Moh.-chauhtthi(Syana)",16,FNUP011,inactive,V K ELECTRIC STORE SIYANA,391B682BC2-A,LMC21-22/UP00843,14346.97824,2022-01-21 08:44:39,2022-01-28 18:43:34,1,Delivered,Soothe Healthcare Pvt Ltd,SUPER CUTE'S,DIAPERS,Super Cutes Base (S 2),Super Cutes Base (S 1),10,8.908E+12,,,1,240,7,1680,8.77193,12183.23568,1461.98808,12,,,,12007.79765,percentage_discount,20,2436.647136,292.397616,,,,,,,,,,,10916
Normal,West Uttar Pradesh,204215,"Matkota Mohalla, Sikandra Rao",279,FNUP1066,inactive,KRISHNA ENTERPRISES,CE62DB7A7F-A,LMC21-22/UP00749,7245.283248,2022-01-21 08:48:27,2022-01-28 17:56:57,1,Delivered,N Ranga Rao and Sons Pvt Ltd,SANDALUM,Puja Products,AGARBATHI_SPBT,AGARBATHI (DF00002025),20,DF00002025,,,34,288,1,288,16.666667,4312.668672,215.633376,5,,,,4800.000096,,,,,,,,,,,,,,,4528
Normal,West Uttar Pradesh,204215,"Matkota Mohalla, Sikandra Rao",279,FNUP1066,inactive,KRISHNA ENTERPRISES,CE62DB7A7F-A,LMC21-22/UP00749,7245.283248,2022-01-21 08:48:27,2022-01-28 17:56:57,1,Delivered,N Ranga Rao and Sons Pvt Ltd,SANDALUM,Puja Products,CONE_CSDT,CONE (DF00000070),10,DF00000070,,,10,360,1,360,8,2587.60116,129.38004,5,,,,2880,,,,,,,,,,,,,,,2717
Normal,West Uttar Pradesh,204215,"Matkota Mohalla, Sikandra Rao",279,FNUP1066,inactive,KRISHNA ENTERPRISES,CE62DB7A7F-B,LMC21-22/UP00747,2726.490456,2022-01-21 08:48:27,2022-01-28 17:58:45,1,Delivered,United Biscuits Private Limited,MCVITIE'S,DIGESTIVE,"Digs Mini (216x29.25g) (CDU, Rs.5)","Digs Mini (216x32.5g) (CDU, Rs.5)",5,1000606,,,33,216,3,648,4.46,2310.585264,415.905192,18,,,,2890.08,,,,,,,,,,,,,,,2726
Normal,West Uttar Pradesh,204215,"Matkota Mohalla, Sikandra Rao",279,FNUP1066,inactive,KRISHNA ENTERPRISES,CE62DB7A7F-C,LMC21-22/UP00746,11830.80279,2022-01-21 08:48:28,2022-01-28 17:58:16,1,Delivered,Soothe Healthcare Pvt Ltd,PAREE,SANITARY PADS,Paree Dry Base (6),Paree Dry Base (6),20,8.908E+12,,,6,140,5,700,17.54386,11371.0205,0,,,,,10385.15288,percentage_discount,16.67,1895.549117,,,,,,,,,,,,9475
Normal,West Uttar Pradesh,204215,"Matkota Mohalla, Sikandra Rao",279,FNUP1066,inactive,KRISHNA ENTERPRISES,CE62DB7A7F-C,LMC21-22/UP00746,11830.80279,2022-01-21 08:48:28,2022-01-28 17:58:16,1,Delivered,Soothe Healthcare Pvt Ltd,PAREE,SANITARY PADS,Paree Dry XL Base (6),Paree Dry XL Base (6),30,8.908E+12,,,6,116,1,116,26.315789,2826.510752,0,,,,,2581.452182,percentage_discount,16.67,471.1793424,,,,,,,,,,,,2355
Normal,West Uttar Pradesh,204215,"Matkota Mohalla, Sikandra Rao",279,FNUP1066,inactive,KRISHNA ENTERPRISES,CE62DB7A7F-D,LMC21-22/UP00745,9512.670336,2022-01-21 08:48:28,2022-01-28 17:58:15,1,Delivered,Soothe Healthcare Pvt Ltd,SUPER CUTE'S,DIAPERS,Super Cutes Base (S 2),Super Cutes Base (S 1),10,8.908E+12,,,1,240,5,1200,8.77193,8702.3112,1044.2772,12,,,,8576.99832,percentage_discount,20,1740.46224,208.85544,,,,,,,,,,,7797
Normal,West Uttar Pradesh,204215,"Matkota Mohalla, Sikandra Rao",279,FNUP1066,inactive,KRISHNA ENTERPRISES,CE62DB7A7F-D,LMC21-22/UP00745,9512.670336,2022-01-21 08:48:28,2022-01-28 17:58:15,1,Delivered,Soothe Healthcare Pvt Ltd,SUPER CUTE'S,DIAPERS,Super Cutes Base (M 2),Super Cutes Base (M 1),11,8.908E+12,,,1,240,1,240,9.649123,1914.50856,229.74096,12,,,,1886.939616,percentage_discount,20,382.901712,45.948192,,,,,,,,,,,1715
Normal,West Uttar Pradesh,204215,"Matkota Mohalla, Sikandra Rao",279,FNUP1066,inactive,KRISHNA ENTERPRISES,CE62DB7A7F-E,LMC21-22/UP00744,8794.326264,2022-01-21 08:48:28,2022-01-28 17:56:40,1,Delivered,MAYORA India Pvt Ltd Formerly INBISCO India,KOPIKO,KOPIKO,KOPIKO JAR,KOPIKO CAPPUCINO 12 JARX 240 X3.5G (CAPPUCINO),240,310240,,,240,12,1,12,200,2026.342452,243.1611,12,,,,2400,,,,,,,,,,,,,,,2270
Normal,West Uttar Pradesh,204215,"Matkota Mohalla, Sikandra Rao",279,FNUP1066,inactive,KRISHNA ENTERPRISES,CE62DB7A7F-E,LMC21-22/UP00744,8794.326264,2022-01-21 08:48:28,2022-01-28 17:56:40,1,Delivered,MAYORA India Pvt Ltd Formerly INBISCO India,KOPIKO,KOPIKO,KOPIKO JAR,KOPIKO CAPPUCINO 4X650X3.5G (CAPPUCINO (310251)),650,310251,,,650,4,3,12,575.000001,5825.73456,699.088152,12,,,,6900.000012,,,,,,,,,,,,,,,6525
Normal,West Uttar Pradesh,204215,"Matkota Mohalla, Sikandra Rao",279,FNUP1066,inactive,KRISHNA ENTERPRISES,CE62DB7A7F-F,LMC21-22/UP00743,8971.9632,2022-01-21 08:48:28,2022-01-28 17:56:25,1,Delivered,Desai Brothers Ltd,Pitaara,FMCG,Albela Aloo Bhujia,Albela Aloo Bhujia (Treat)-25/12,5,117,,,25,480,1,480,4,1602.13632,192.25632,12,,,,1920,,,,,,,,,,,,,,,1794
Normal,West Uttar Pradesh,204215,"Matkota Mohalla, Sikandra Rao",279,FNUP1066,inactive,KRISHNA ENTERPRISES,CE62DB7A7F-F,LMC21-22/UP00743,8971.9632,2022-01-21 08:48:28,2022-01-28 17:56:25,1,Delivered,Desai Brothers Ltd,Pitaara,FMCG,Bikaneri Bhujiya,Bikaneri Bhujia-25/12,5,239,,,25,480,1,480,4,1602.13632,192.25632,12,,,,1920,,,,,,,,,,,,,,,1794
Normal,West Uttar Pradesh,204215,"Matkota Mohalla, Sikandra Rao",279,FNUP1066,inactive,KRISHNA ENTERPRISES,CE62DB7A7F-F,LMC21-22/UP00743,8971.9632,2022-01-21 08:48:28,2022-01-28 17:56:25,1,Delivered,Desai Brothers Ltd,Pitaara,FMCG,Manchahi Moong Daal,Manchahi Moong Daal (Treat)-22/10.56,5,369,,,22,480,1,480,4,1602.13632,192.25632,12,,,,1920,,,,,,,,,,,,,,,1794
Normal,West Uttar Pradesh,204215,"Matkota Mohalla, Sikandra Rao",279,FNUP1066,inactive,KRISHNA ENTERPRISES,CE62DB7A7F-F,LMC21-22/UP00743,8971.9632,2022-01-21 08:48:28,2022-01-28 17:56:25,1,Delivered,Desai Brothers Ltd,Pitaara,FMCG,Khatha Meetha,Khatta Meetha-25/12,5,367,,,25,480,1,480,4,1602.13632,192.25632,12,,,,1920,,,,,,,,,,,,,,,1794
Normal,West Uttar Pradesh,204215,"Matkota Mohalla, Sikandra Rao",279,FNUP1066,inactive,KRISHNA ENTERPRISES,CE62DB7A7F-F,LMC21-22/UP00743,8971.9632,2022-01-21 08:48:28,2022-01-28 17:56:25,1,Delivered,Desai Brothers Ltd,Pitaara,FMCG,Laajawaab All In One,Laajawaab All In One-25/12,5,241,,,25,480,1,480,4,1602.13632,192.25632,12,,,,1920,,,,,,,,,,,,,,,1794
Normal,East Uttar Pradesh,221712,"STATE BANK BUILDING, BHAWANI GALI, RASRA, Ballia, Uttar Pradesh",103,FNUP071,inactive,RAJESH VERAYATI STORES,5AAB10B1E9-A,LMC21-22/UP00802,3933.806144,2022-01-21 08:50:16,2022-01-28 17:41:27,1,Delivered,MAYORA India Pvt Ltd Formerly INBISCO India,MALKIST,MALKIST,MALKIST Singles,MALKIST CHOCOLATE GB 16X30X23GR (CHOCOLATE),150,320698,,,30,16,2,32,130,3333.734016,600.072128,18,,,,4160,,,,,,,,,,,,,,,3934
Normal,East Uttar Pradesh,221712,"STATE BANK BUILDING, BHAWANI GALI, RASRA, Ballia, Uttar Pradesh",103,FNUP071,inactive,RAJESH VERAYATI STORES,5AAB10B1E9-C,LMC21-22/UP00804,2269.503552,2022-01-21 08:50:16,2022-01-28 15:09:40,1,Delivered,MAYORA India Pvt Ltd Formerly INBISCO India,KOPIKO,KOPIKO,KOPIKO JAR,KOPIKO CAPPUCINO 12 JARX 240 X3.5G (CAPPUCINO),240,310240,,,240,12,1,12,200,2026.342452,243.1611,12,,,,2400,,,,,,,,,,,,,,,2270
Normal,Bihar,805130,Bhagwatpur( Shahpur More) Warsaliganj,317,FEBR1046,active,Ansh Raj General Store,18F7A57B1E-A,LMC21-22/BR00484,4444.444456,2022-01-21 08:50:32,2022-01-28 13:25:33,1,Delivered,MAYORA India Pvt Ltd Formerly INBISCO India,KOPIKO,KOPIKO,KOPIKO JAR,KOPIKO CAPPUCINO 12 JARX 240 X3.5G (CAPPUCINO),240,310240,,,240,12,1,12,200,2026.342452,243.1611,12,,,,2400,,,,,,,,,,,,,,,2270
Normal,Bihar,805130,Bhagwatpur( Shahpur More) Warsaliganj,317,FEBR1046,active,Ansh Raj General Store,18F7A57B1E-A,LMC21-22/BR00484,4444.444456,2022-01-21 08:50:32,2022-01-28 13:25:33,1,Delivered,MAYORA India Pvt Ltd Formerly INBISCO India,KOPIKO,KOPIKO,KOPIKO JAR,KOPIKO CAPPUCINO 4X650X3.5G (CAPPUCINO (310251)),650,310251,,,650,4,1,4,575.000001,1941.91152,233.029384,12,,,,2300.000004,,,,,,,,,,,,,,,2175
Normal,Bihar,805130,Bhagwatpur( Shahpur More) Warsaliganj,317,FEBR1046,active,Ansh Raj General Store,18F7A57B1E-B,LMC21-22/BR00483,9834.51536,2022-01-21 08:50:32,2022-01-28 12:26:20,1,Delivered,MAYORA India Pvt Ltd Formerly INBISCO India,MALKIST,MALKIST,MALKIST Singles,MALKIST CHEESE GB 16 X 30 X 23GR (CHEESE),150,321006,,,30,16,5,80,130,8334.33504,1500.18032,18,,,,10400,,,,,,,,,,,,,,,9835
Normal,Bihar,805130,Bhagwatpur( Shahpur More) Warsaliganj,317,FEBR1046,active,Ansh Raj General Store,18F7A57B1E-D,LMC21-22/BR00654,9700.981488,2022-01-21 08:50:32,2022-02-03 00:30:26,2,Delivered,United Biscuits Private Limited,MCVITIE'S,DIGESTIVE,"Digs Mini (216x29.25g) (CDU, Rs.5)","Digs Mini (216x32.5g) (CDU, Rs.5)",5,1000606,,,33,216,4,864,4.46,3080.780352,554.540256,18,,,,3853.44,,,,,,,,,,,,,,,3635
Normal,Bihar,805130,Bhagwatpur( Shahpur More) Warsaliganj,317,FEBR1046,active,Ansh Raj General Store,18F7A57B1E-D,LMC21-22/BR00654,9700.981488,2022-01-21 08:50:32,2022-02-03 00:30:26,2,Delivered,United Biscuits Private Limited,MCVITIE'S,CREAM,Dark Creams Orange (Rs.10),"Cream Orange (144x61.2g) (PS, Rs. 10)",10,1000497,,,61,144,5,720,8.93,5140.39032,925.27056,18,,,,6429.6,,,,,,,,,,,,,,,6066
Normal,Bihar,805130,Bhagwatpur( Shahpur More) Warsaliganj,317,FEBR1046,active,Ansh Raj General Store,18F7A57B1E-E,LMC21-22/BR00629,11851.85184,2022-01-21 08:50:32,2022-01-28 18:53:19,1,Delivered,Soothe Healthcare Pvt Ltd,SUPER CUTE'S,DIAPERS,Super Cutes Base (S 2),Super Cutes Base (S 1),10,8.908E+12,,,1,240,4,960,8.77193,6961.84896,835.42176,12,,,,6861.598656,percentage_discount,20,1392.369792,167.084352,,,,,,,,,,,6238
Normal,Bihar,805130,Bhagwatpur( Shahpur More) Warsaliganj,317,FEBR1046,active,Ansh Raj General Store,18F7A57B1E-E,LMC21-22/BR00629,11851.85184,2022-01-21 08:50:32,2022-01-28 18:53:19,1,Delivered,Soothe Healthcare Pvt Ltd,SUPER CUTE'S,DIAPERS,Super Cutes Base (L 2),Super Cutes Base (L 1),12,8.908E+12,,,1,240,3,720,10.526316,6265.66464,751.87944,12,,,,6175.438704,percentage_discount,20,1253.132928,150.375888,,,,,,,,,,,5614
Normal,East Uttar Pradesh,209861,"GAYATRI NAGAR, BHATU FARM, SHUKLAGANJ GANGAGHAT, Unnao, Uttar Pradesh",119,FNUP079,active,Lucky Enterprises,B6930F9862-A,LMC21-22/UP00742,6524.822712,2022-01-21 08:51:29,2022-01-28 17:07:25,1,Delivered,MAYORA India Pvt Ltd Formerly INBISCO India,KOPIKO,KOPIKO,KOPIKO JAR,KOPIKO CAPPUCINO 4X650X3.5G (CAPPUCINO (310251)),650,310251,,,650,4,3,12,575.000001,5825.73456,699.088152,12,,,,6900.000012,,,,,,,,,,,,,,,6525
Normal,East Uttar Pradesh,209861,"GAYATRI NAGAR, BHATU FARM, SHUKLAGANJ GANGAGHAT, Unnao, Uttar Pradesh",119,FNUP079,active,Lucky Enterprises,B6930F9862-B,LMC21-22/UP00741,5256.906096,2022-01-21 08:51:29,2022-01-28 17:08:23,1,Delivered,United Biscuits Private Limited,MCVITIE'S,COOKIES,Cashew (144x60g),Cashew (144x60g),10,1000028,,,60,144,2,288,8.93,2056.156128,370.108224,18,,,,2571.84,,,,,,,,,,,,,,,2426
Normal,East Uttar Pradesh,209861,"GAYATRI NAGAR, BHATU FARM, SHUKLAGANJ GANGAGHAT, Unnao, Uttar Pradesh",119,FNUP079,active,Lucky Enterprises,B6930F9862-B,LMC21-22/UP00741,5256.906096,2022-01-21 08:51:29,2022-01-28 17:08:23,1,Delivered,United Biscuits Private Limited,MCVITIE'S,CREAM,Dark Creams Vanilla (Rs.10),"Dark Cookie Cream (144x50g) (VN, Rs.10)",10,1000609,,,50,144,1,144,8.93,1028.078064,185.054112,18,,,,1285.92,,,,,,,,,,,,,,,1213
Normal,East Uttar Pradesh,209861,"GAYATRI NAGAR, BHATU FARM, SHUKLAGANJ GANGAGHAT, Unnao, Uttar Pradesh",119,FNUP079,active,Lucky Enterprises,B6930F9862-B,LMC21-22/UP00741,5256.906096,2022-01-21 08:51:29,2022-01-28 17:08:23,1,Delivered,United Biscuits Private Limited,MCVITIE'S,MARIE,"Marie (96x83.3g) (68g+15.3g Extra,Rs.10)","Marie (96x83.3g) (68g+15.3g Extra,Rs.10)",10,1000635,,,83,96,2,192,8.93,1370.770752,246.738816,18,,,,1714.56,,,,,,,,,,,,,,,1618
Normal,East Uttar Pradesh,209861,"GAYATRI NAGAR, BHATU FARM, SHUKLAGANJ GANGAGHAT, Unnao, Uttar Pradesh",119,FNUP079,active,Lucky Enterprises,B6930F9862-C,LMC21-22/UP00740,2716.9812,2022-01-21 08:51:29,2022-01-28 17:07:48,1,Delivered,N Ranga Rao and Sons Pvt Ltd,SANDALUM,Puja Products,CONE_CSDT,CONE (DF00000070),10,DF00000070,,,10,360,1,360,8,2587.60116,129.38004,5,,,,2880,,,,,,,,,,,,,,,2717
Normal,Bihar,813108,"Sudama Govind Foundation , Maa Kamakhya Colony ,Bhagalpur",46,FNBR040,inactive,NAVYA STATIONERY,16BBE21B69-A,LMC21-22/BR00555,19669.03072,2022-01-21 08:52:41,2022-01-28 14:23:46,1,Delivered,MAYORA India Pvt Ltd Formerly INBISCO India,MALKIST,MALKIST,MALKIST Singles,MALKIST CHOCOLATE GB 16X30X23GR (CHOCOLATE),150,320698,,,30,16,2,32,130,3333.734016,600.072128,18,,,,4160,,,,,,,,,,,,,,,3934
Normal,Bihar,813108,"Sudama Govind Foundation , Maa Kamakhya Colony ,Bhagalpur",46,FNBR040,inactive,NAVYA STATIONERY,16BBE21B69-A,LMC21-22/BR00555,19669.03072,2022-01-21 08:52:41,2022-01-28 14:23:46,1,Delivered,MAYORA India Pvt Ltd Formerly INBISCO India,MALKIST,MALKIST,MALKIST Singles,MALKIST CHEESE GB 16 X 30 X 23GR (CHEESE),150,321006,,,30,16,8,128,130,13334.93606,2400.288512,18,,,,16640,,,,,,,,,,,,,,,15735
Normal,Bihar,813108,"Sudama Govind Foundation , Maa Kamakhya Colony ,Bhagalpur",46,FNBR040,inactive,NAVYA STATIONERY,16BBE21B69-B,LMC21-22/BR00554,33569.74004,2022-01-21 08:52:41,2022-01-28 14:23:49,1,Delivered,MAYORA India Pvt Ltd Formerly INBISCO India,KOPIKO,KOPIKO,KOPIKO JAR,KOPIKO CAPPUCINO 12 JARX 240 X3.5G (CAPPUCINO),240,310240,,,240,12,10,120,200,20263.42452,2431.611,12,,,,24000,,,,,,,,,,,,,,,22695
Normal,Bihar,813108,"Sudama Govind Foundation , Maa Kamakhya Colony ,Bhagalpur",46,FNBR040,inactive,NAVYA STATIONERY,16BBE21B69-B,LMC21-22/BR00554,33569.74004,2022-01-21 08:52:41,2022-01-28 14:23:49,1,Delivered,MAYORA India Pvt Ltd Formerly INBISCO India,KOPIKO,KOPIKO,KOPIKO JAR,KOPIKO CAPPUCINO 4X650X3.5G (CAPPUCINO (310251)),650,310251,,,650,4,5,20,575.000001,9709.5576,1165.14692,12,,,,11500.00002,,,,,,,,,,,,,,,10875
Normal,Bihar,813108,"Sudama Govind Foundation , Maa Kamakhya Colony ,Bhagalpur",46,FNBR040,inactive,NAVYA STATIONERY,16BBE21B69-C,LMC21-22/BR00553,3880.851048,2022-01-21 08:52:42,2022-01-28 14:23:53,1,Delivered,MAYORA India Pvt Ltd Formerly INBISCO India,GO CHOCO,GO CHOCO,GO CHOCO JAR (Biscuit),GO CHOCO WEELZ FUN BITES 12 X 22 X 36 G (WEELZ),220,321033,,,22,12,1,12,190,1827.14268,328.88568,18,,,,2280,,,,,,,,,,,,,,,2156
Normal,Bihar,813108,"Sudama Govind Foundation , Maa Kamakhya Colony ,Bhagalpur",46,FNBR040,inactive,NAVYA STATIONERY,16BBE21B69-C,LMC21-22/BR00553,3880.851048,2022-01-21 08:52:42,2022-01-28 14:23:53,1,Delivered,MAYORA India Pvt Ltd Formerly INBISCO India,GO CHOCO,GO CHOCO,GO CHOCO JAR,GO CHOCO ROLLZ JAR 12 X 35 PCS X 12GR,175,322947,,,35,12,1,12,152,1461.714144,263.108544,18,,,,1824,,,,,,,,,,,,,,,1725
Normal,Bihar,813108,"Sudama Govind Foundation , Maa Kamakhya Colony ,Bhagalpur",46,FNBR040,inactive,NAVYA STATIONERY,16BBE21B69-D,LMC21-22/BR00457,3773.584896,2022-01-21 08:52:42,2022-01-28 13:17:51,1,Delivered,N Ranga Rao and Sons Pvt Ltd,BANSURI,Puja Products,AGARBATHI_BSFM,AGARBATHI (DF00000076),50,DF00000076,,,126,96,1,96,41.666667,3593.890368,179.694528,5,,,,4000.000032,,,,,,,,,,,,,,,3774
Normal,East Uttar Pradesh,221712,"STATE BANK BUILDING, BHAWANI GALI, RASRA, Ballia, Uttar Pradesh",103,FNUP071,inactive,RAJESH VERAYATI STORES,B7469E5B58-A,LMC21-22/UP00805,908.830152,2022-01-21 08:53:01,2022-01-28 17:40:10,1,Delivered,United Biscuits Private Limited,MCVITIE'S,DIGESTIVE,"Digs Mini (216x29.25g) (CDU, Rs.5)","Digs Mini (216x32.5g) (CDU, Rs.5)",5,1000606,,,33,216,1,216,4.46,770.195088,138.635064,18,,,,963.36,,,,,,,,,,,,,,,909
Normal,Bihar,803201,S.B COMPLEX STATION ROAD FATHUA,23,FNBR0023,inactive,Chetna Electrical,544B4073BE-A,LMC21-22/BR00504,19669.03072,2022-01-21 08:53:17,2022-01-28 13:31:34,1,Delivered,MAYORA India Pvt Ltd Formerly INBISCO India,MALKIST,MALKIST,MALKIST Singles,MALKIST CHEESE GB 16 X 30 X 23GR (CHEESE),150,321006,,,30,16,10,160,130,16668.67008,3000.36064,18,,,,20800,,,,,,,,,,,,,,,19669
Normal,Bihar,803201,S.B COMPLEX STATION ROAD FATHUA,23,FNBR0023,inactive,Chetna Electrical,544B4073BE-C,LMC21-22/BR00503,10874.70452,2022-01-21 08:53:17,2022-01-28 13:31:38,1,Delivered,MAYORA India Pvt Ltd Formerly INBISCO India,KOPIKO,KOPIKO,KOPIKO JAR,KOPIKO CAPPUCINO 4X650X3.5G (CAPPUCINO (310251)),650,310251,,,650,4,5,20,575.000001,9709.5576,1165.14692,12,,,,11500.00002,,,,,,,,,,,,,,,10875
Normal,Bihar,803201,S.B COMPLEX STATION ROAD FATHUA,23,FNBR0023,inactive,Chetna Electrical,544B4073BE-E,LMC21-22/BR00672,13640.60412,2022-01-21 08:53:17,2022-02-03 00:46:09,2,Delivered,United Biscuits Private Limited,MCVITIE'S,DIGESTIVE,"Digs Mini (216x29.25g) (CDU, Rs.5)","Digs Mini (216x32.5g) (CDU, Rs.5)",5,1000606,,,33,216,7,1512,4.46,5391.365616,970.445448,18,,,,6743.52,,,,,,,,,,,,,,,6362
Normal,Bihar,803201,S.B COMPLEX STATION ROAD FATHUA,23,FNBR0023,inactive,Chetna Electrical,544B4073BE-E,LMC21-22/BR00672,13640.60412,2022-01-21 08:53:17,2022-02-03 00:46:09,2,Delivered,United Biscuits Private Limited,MCVITIE'S,COOKIES,"Butter (144x60g, New)(Rs. 10)","Butter (144x60g, New)(Rs. 10)",10,1000612,,,60,144,5,720,8.93,5140.39032,925.27056,18,,,,6429.6,,,,,,,,,,,,,,,6066
Normal,Bihar,803201,S.B COMPLEX STATION ROAD FATHUA,23,FNBR0023,inactive,Chetna Electrical,544B4073BE-E,LMC21-22/BR00672,13640.60412,2022-01-21 08:53:17,2022-02-03 00:46:09,2,Delivered,United Biscuits Private Limited,MCVITIE'S,CREAM,Dark Creams Vanilla (Rs.10),"Dark Cookie Cream (144x50g) (VN, Rs.10)",10,1000609,,,50,144,1,144,8.93,1028.078064,185.054112,18,,,,1285.92,,,,,,,,,,,,,,,1213
Normal,Bihar,803201,S.B COMPLEX STATION ROAD FATHUA,23,FNBR0023,inactive,Chetna Electrical,544B4073BE-F,LMC21-22/BR00598,9668.615808,2022-01-21 08:53:17,2022-01-28 14:44:31,1,Delivered,Soothe Healthcare Pvt Ltd,SUPER CUTE'S,DIAPERS,Super Cutes Base (S 2),Super Cutes Base (S 1),10,8.908E+12,,,1,240,4,960,8.77193,6961.84896,835.42176,12,,,,6861.598656,percentage_discount,20,1392.369792,167.084352,,,,,,,,,,,6238
Normal,Bihar,803201,S.B COMPLEX STATION ROAD FATHUA,23,FNBR0023,inactive,Chetna Electrical,544B4073BE-F,LMC21-22/BR00598,9668.615808,2022-01-21 08:53:17,2022-01-28 14:44:31,1,Delivered,Soothe Healthcare Pvt Ltd,SUPER CUTE'S,DIAPERS,Super Cutes Base (M 2),Super Cutes Base (M 1),11,8.908E+12,,,1,240,2,480,9.649123,3829.01712,459.48192,12,,,,3773.879232,percentage_discount,20,765.803424,91.896384,,,,,,,,,,,3431
Normal,Bihar,813108,"Sudama Govind Foundation , Maa Kamakhya Colony ,Bhagalpur",46,FNBR040,inactive,NAVYA STATIONERY,16BBE21B69-E,LMC21-22/BR00738,8179.471368,2022-01-21 08:52:42,2022-02-03 01:48:33,2,Delivered,United Biscuits Private Limited,MCVITIE'S,DIGESTIVE,"Digs Mini (216x29.25g) (CDU, Rs.5)","Digs Mini (216x32.5g) (CDU, Rs.5)",5,1000606,,,33,216,9,1944,4.46,6931.755792,1247.715576,18,,,,8670.24,,,,,,,,,,,,,,,8179
Normal,East Uttar Pradesh,224190,"Bhabhan jyotiya jot avasthi, jot avasthi, tanda tahashil,ambedkar nagar",164,FNUP1014,inactive,Golden Enterprises,7FF798EADA-C,LMC21-22/UP00686,2726.490456,2022-01-21 08:40:35,2022-01-28 16:59:00,1,Delivered,United Biscuits Private Limited,MCVITIE'S,DIGESTIVE,"Digs Mini (216x29.25g) (CDU, Rs.5)","Digs Mini (216x32.5g) (CDU, Rs.5)",5,1000606,,,33,216,3,648,4.46,2310.585264,415.905192,18,,,,2890.08,,,,,,,,,,,,,,,2726
Normal,East Uttar Pradesh,233305,"25, Kidwainagar,Jangipur, ghazipur",137,FNUP092,inactive,M/S Rajnarayan Ji Traders,645FE583DF-A,LMC21-22/UP00739,6619.38536,2022-01-21 08:56:02,2022-01-28 17:20:55,1,Delivered,MAYORA India Pvt Ltd Formerly INBISCO India,KOPIKO,KOPIKO,KOPIKO JAR,KOPIKO CAPPUCINO 4X650X3.5G (CAPPUCINO (310251)),650,310251,,,650,4,2,8,575.000001,3883.82304,466.058768,12,,,,4600.000008,,,,,,,,,,,,,,,4350
Normal,East Uttar Pradesh,233305,"25, Kidwainagar,Jangipur, ghazipur",137,FNUP092,inactive,M/S Rajnarayan Ji Traders,645FE583DF-A,LMC21-22/UP00739,6619.38536,2022-01-21 08:56:02,2022-01-28 17:20:55,1,Delivered,MAYORA India Pvt Ltd Formerly INBISCO India,KOPIKO,KOPIKO,KOPIKO JAR,KOPIKO CAPPUCINO 12 JARX 240 X3.5G (CAPPUCINO),240,310240,,,240,12,1,12,200,2026.342452,243.1611,12,,,,2400,,,,,,,,,,,,,,,2270
Normal,Bihar,847301,"Vill-Dhobopur Bansarapo-Kishanpur Baikunth,Baheri-Darbhanga",244,FEBR1035,active,Ashtha Enterprises,CBFBD2D04B-D,LMC21-22/BR00596,7797.27072,2022-01-21 08:41:48,2022-01-28 14:43:05,1,Delivered,Soothe Healthcare Pvt Ltd,SUPER CUTE'S,DIAPERS,Super Cutes Base (S 2),Super Cutes Base (S 1),10,8.908E+12,,,1,240,5,1200,8.77193,8702.3112,1044.2772,12,,,,8576.99832,percentage_discount,20,1740.46224,208.85544,,,,,,,,,,,7797
Normal,Bihar,801503,"ARVIND KUMAR, SHERPUR, MANER, Patna, Bihar",85,FNBR052,inactive,Maa Durga Enterprises,E0FD12CADF-A,LMC21-22/BR00577,29503.54608,2022-01-21 08:57:27,2022-01-28 16:19:16,1,Delivered,MAYORA India Pvt Ltd Formerly INBISCO India,MALKIST,MALKIST,MALKIST Singles,MALKIST CHEESE GB 16 X 30 X 23GR (CHEESE),150,321006,,,30,16,15,240,130,25003.00512,4500.54096,18,,,,31200,,,,,,,,,,,,,,,29504
Normal,West Uttar Pradesh,283204,"HOUSE NO 67, HIGHWAY RESIDENCY, TOWN SHIP, TUNDLA, Firozabad, Uttar Pradesh",17,FNUP012,inactive,VIDHYANAND JI TRADERS,773DDF95F4-A,LMC21-22/UP00864,8888.888912,2022-01-21 08:58:42,2022-01-28 18:46:36,1,Delivered,MAYORA India Pvt Ltd Formerly INBISCO India,KOPIKO,KOPIKO,KOPIKO JAR,KOPIKO CAPPUCINO 12 JARX 240 X3.5G (CAPPUCINO),240,310240,,,240,12,2,24,200,4052.684904,486.3222,12,,,,4800,,,,,,,,,,,,,,,4539
Normal,West Uttar Pradesh,283204,"HOUSE NO 67, HIGHWAY RESIDENCY, TOWN SHIP, TUNDLA, Firozabad, Uttar Pradesh",17,FNUP012,inactive,VIDHYANAND JI TRADERS,773DDF95F4-A,LMC21-22/UP00864,8888.888912,2022-01-21 08:58:42,2022-01-28 18:46:36,1,Delivered,MAYORA India Pvt Ltd Formerly INBISCO India,KOPIKO,KOPIKO,KOPIKO JAR,KOPIKO CAPPUCINO 4X650X3.5G (CAPPUCINO (310251)),650,310251,,,650,4,2,8,575.000001,3883.82304,466.058768,12,,,,4600.000008,,,,,,,,,,,,,,,4350
Normal,West Uttar Pradesh,283204,"HOUSE NO 67, HIGHWAY RESIDENCY, TOWN SHIP, TUNDLA, Firozabad, Uttar Pradesh",17,FNUP012,inactive,VIDHYANAND JI TRADERS,773DDF95F4-B,LMC21-22/UP00863,11384.01542,2022-01-21 08:58:42,2022-01-28 18:46:07,1,Delivered,Soothe Healthcare Pvt Ltd,SUPER CUTE'S,DIAPERS,Super Cutes Base (S 2),Super Cutes Base (S 1),10,8.908E+12,,,1,240,5,1200,8.77193,8702.3112,1044.2772,12,,,,8576.99832,percentage_discount,20,1740.46224,208.85544,,,,,,,,,,,7797
